<?xml version="1.0" encoding="UTF-8"?>
<!DOCTYPE model_object_graph SYSTEM "file://bladelogic.com/dtds/BLObjectGraph_v01.dtd">
<model_object_graph blmodel_version="8.5">
    <source_key>DBKey:SDepotObjectModelKeyImpl:277-1-2071811</source_key>
    <exclude_list>
        <exclude_type>600</exclude_type>
    </exclude_list>
    <relationship_list>
        <reference FK="true" id="R2153" local_id="4"
            source="SDepotObject" target="SDataType" type="dependency">
            <field_map_list>
                <field_map>
                    <local_field_name>dataTypeId</local_field_name>
                    <target_field_name>dataTypeId</target_field_name>
                </field_map>
            </field_map_list>
        </reference>
        <reference FK="true" id="R2154" local_id="2"
            source="SDepotObject" target="SDataType" type="dependency">
            <field_map_list>
                <field_map>
                    <local_field_name>dataTypeId</local_field_name>
                    <target_field_name>dataTypeId</target_field_name>
                </field_map>
            </field_map_list>
        </reference>
        <reference FK="true" id="R2136" source="SDepotObject"
            target="SDataType" type="external_part">
            <field_map_list>
                <field_map>
                    <local_field_name>dataTypeId</local_field_name>
                    <target_field_name>dataTypeId</target_field_name>
                </field_map>
            </field_map_list>
        </reference>
        <reference FK="true" id="R2155" local_id="3"
            source="SDepotObject" target="SDataType" type="dependency">
            <field_map_list>
                <field_map>
                    <local_field_name>dataTypeId</local_field_name>
                    <target_field_name>dataTypeId</target_field_name>
                </field_map>
            </field_map_list>
        </reference>
        <reference FK="true" id="R2152" local_id="5"
            source="SDepotObject" target="SDataType" type="dependency">
            <field_map_list>
                <field_map>
                    <local_field_name>dataTypeId</local_field_name>
                    <target_field_name>dataTypeId</target_field_name>
                </field_map>
            </field_map_list>
        </reference>
        <reference FK="true" id="R2156" local_id="1"
            source="SDepotObject" target="SDataType" type="dependency">
            <field_map_list>
                <field_map>
                    <local_field_name>dataTypeId</local_field_name>
                    <target_field_name>dataTypeId</target_field_name>
                </field_map>
            </field_map_list>
        </reference>
        <reference FK="true" id="R2146" source="SDepotObject"
            target="SBlValue" type="external_part">
            <field_map_list>
                <field_map>
                    <local_field_name>blValueId</local_field_name>
                    <target_field_name>blValueId</target_field_name>
                </field_map>
            </field_map_list>
        </reference>
        <reference FK="false" id="R1859" source="SPropertySetInstance"
            target="SBlValue" type="external_part">
            <field_map_list>
                <field_map>
                    <local_field_name>blValueId</local_field_name>
                    <target_field_name>blValueId</target_field_name>
                </field_map>
            </field_map_list>
        </reference>
        <reference FK="true" id="R1846" source="SPropertySetClass"
            target="SDataType" type="dependency">
            <field_map_list>
                <field_map>
                    <local_field_name>superTypeId</local_field_name>
                    <target_field_name>dataTypeId</target_field_name>
                </field_map>
            </field_map_list>
        </reference>
        <reference FK="false" id="R1836" source="SPropertySetClass"
            target="SDataType" type="external_part">
            <field_map_list>
                <field_map>
                    <local_field_name>dataTypeId</local_field_name>
                    <target_field_name>dataTypeId</target_field_name>
                </field_map>
            </field_map_list>
        </reference>
        <reference FK="true" id="R1855"
            source="SPropertySetClassDefaultValueMap" target="SProperty" type="dependency">
            <field_map_list>
                <field_map>
                    <local_field_name>propertyId</local_field_name>
                    <target_field_name>propertyId</target_field_name>
                </field_map>
            </field_map_list>
        </reference>
        <reference FK="true" id="R1854"
            source="SPropertySetClassDefaultValueMap" target="SBlValue" type="dependency">
            <field_map_list>
                <field_map>
                    <local_field_name>blValueId</local_field_name>
                    <target_field_name>blValueId</target_field_name>
                </field_map>
            </field_map_list>
        </reference>
        <reference FK="false" id="R1844"
            source="SPropertySetClassDefaultValueMap"
            target="SPropertySetClass" type="external_part">
            <field_map_list>
                <field_map>
                    <local_field_name>dataTypeId</local_field_name>
                    <target_field_name>dataTypeId</target_field_name>
                </field_map>
            </field_map_list>
        </reference>
        <reference FK="false" id="R1862" source="SPrimitiveBlValue"
            target="SBlValue" type="external_part">
            <field_map_list>
                <field_map>
                    <local_field_name>blValueId</local_field_name>
                    <target_field_name>blValueId</target_field_name>
                </field_map>
            </field_map_list>
        </reference>
        <reference FK="false" id="R1843" source="SProperty"
            target="SPropertySetClass" type="external_part">
            <field_map_list>
                <field_map>
                    <local_field_name>classDataTypeId</local_field_name>
                    <target_field_name>dataTypeId</target_field_name>
                </field_map>
            </field_map_list>
        </reference>
        <reference FK="true" id="R2188" local_id="1"
            source="SBlPackagePropertyReference" target="SBlValue" type="external_part">
            <field_map_list>
                <field_map>
                    <local_field_name>blValueId</local_field_name>
                    <target_field_name>blValueId</target_field_name>
                </field_map>
            </field_map_list>
        </reference>
        <reference FK="false" id="R2139"
            source="SBlPackagePropertyReference" target="SDepotObject" type="external_part">
            <field_map_list>
                <field_map>
                    <local_field_name>depotObjectId</local_field_name>
                    <target_field_name>depotObjectId</target_field_name>
                </field_map>
                <field_map>
                    <local_field_name>depotObjectVersionId</local_field_name>
                    <target_field_name>depotObjectVersionId</target_field_name>
                </field_map>
            </field_map_list>
        </reference>
        <reference FK="false" id="R1861" local_id="1"
            source="SPropertyReference" target="SBlValue" type="external_part">
            <field_map_list>
                <field_map>
                    <local_field_name>blValueId</local_field_name>
                    <target_field_name>blValueId</target_field_name>
                </field_map>
            </field_map_list>
        </reference>
        <reference FK="false" id="R1863" local_id="2"
            source="SPropertyReference" target="SBlValue" type="external_part">
            <field_map_list>
                <field_map>
                    <local_field_name>blValueId</local_field_name>
                    <target_field_name>blValueId</target_field_name>
                </field_map>
            </field_map_list>
        </reference>
        <reference FK="false" id="R1875"
            source="SPropertyReferenceProperty"
            target="SPropertyReference" type="external_part">
            <field_map_list>
                <field_map>
                    <local_field_name>blValueId</local_field_name>
                    <target_field_name>blValueId</target_field_name>
                </field_map>
            </field_map_list>
        </reference>
        <reference FK="true" id="R1877"
            source="SPropertyReferenceProperty" target="SProperty" type="dependency">
            <field_map_list>
                <field_map>
                    <local_field_name>propertyId</local_field_name>
                    <target_field_name>propertyId</target_field_name>
                </field_map>
            </field_map_list>
        </reference>
        <reference FK="true" id="R2183" source="SDepotObjectLocation"
            target="SDepotObject" type="dependency">
            <field_map_list>
                <field_map>
                    <local_field_name>depotObjectId</local_field_name>
                    <target_field_name>depotObjectId</target_field_name>
                </field_map>
                <field_map>
                    <local_field_name>depotObjectVersionId</local_field_name>
                    <target_field_name>depotObjectVersionId</target_field_name>
                </field_map>
            </field_map_list>
        </reference>
        <reference FK="false" id="R2138" source="SDepotObjectLocation"
            target="SDepotObject" type="external_part">
            <field_map_list>
                <field_map>
                    <local_field_name>depotObjectId</local_field_name>
                    <target_field_name>depotObjectId</target_field_name>
                </field_map>
                <field_map>
                    <local_field_name>depotObjectVersionId</local_field_name>
                    <target_field_name>depotObjectVersionId</target_field_name>
                </field_map>
            </field_map_list>
        </reference>
        <reference FK="true" id="R2185" source="SBlPackageAttributeRef"
            target="SAssetAttribute" type="dependency">
            <field_map_list>
                <field_map>
                    <local_field_name>assetAttributeId</local_field_name>
                    <target_field_name>assetAttributeId</target_field_name>
                </field_map>
            </field_map_list>
        </reference>
        <reference FK="false" id="R2147" source="SBlPackageAttributeRef"
            target="SDepotObject" type="external_part">
            <field_map_list>
                <field_map>
                    <local_field_name>depotObjectId</local_field_name>
                    <target_field_name>depotObjectId</target_field_name>
                </field_map>
                <field_map>
                    <local_field_name>depotObjectVersionId</local_field_name>
                    <target_field_name>depotObjectVersionId</target_field_name>
                </field_map>
            </field_map_list>
        </reference>
        <reference FK="false" id="R2233" source="SAssetAttribute"
            target="SBlAssetClass" type="external_part">
            <field_map_list>
                <field_map>
                    <local_field_name>assetClassId</local_field_name>
                    <target_field_name>assetClassId</target_field_name>
                </field_map>
                <field_map>
                    <local_field_name>assetClassVersionId</local_field_name>
                    <target_field_name>assetClassVersionId</target_field_name>
                </field_map>
            </field_map_list>
        </reference>
        <reference FK="false" id="R2123" source="SBlPackageClassRef"
            target="SDepotObject" type="external_part">
            <field_map_list>
                <field_map>
                    <local_field_name>depotObjectId</local_field_name>
                    <target_field_name>depotObjectId</target_field_name>
                </field_map>
                <field_map>
                    <local_field_name>depotObjectVersionId</local_field_name>
                    <target_field_name>depotObjectVersionId</target_field_name>
                </field_map>
            </field_map_list>
        </reference>
        <reference FK="true" id="R2184" source="SBlPackageClassRef"
            target="SBlAssetClass" type="dependency">
            <field_map_list>
                <field_map>
                    <local_field_name>assetClassId</local_field_name>
                    <target_field_name>assetClassId</target_field_name>
                </field_map>
                <field_map>
                    <local_field_name>assetClassVersionId</local_field_name>
                    <target_field_name>assetClassVersionId</target_field_name>
                </field_map>
            </field_map_list>
        </reference>
        <reference FK="true" id="R2248" source="SBlAssetClassChildren"
            target="SBlAssetClass" type="dependency">
            <field_map_list>
                <field_map>
                    <local_field_name>childAssetClassId</local_field_name>
                    <target_field_name>assetClassId</target_field_name>
                </field_map>
                <field_map>
                    <local_field_name>childAssetClassVersionId</local_field_name>
                    <target_field_name>assetClassVersionId</target_field_name>
                </field_map>
            </field_map_list>
        </reference>
        <reference FK="false" id="R2232" source="SBlAssetClassChildren"
            target="SBlAssetClass" type="external_part">
            <field_map_list>
                <field_map>
                    <local_field_name>assetClassId</local_field_name>
                    <target_field_name>assetClassId</target_field_name>
                </field_map>
                <field_map>
                    <local_field_name>assetClassVersionId</local_field_name>
                    <target_field_name>assetClassVersionId</target_field_name>
                </field_map>
            </field_map_list>
        </reference>
        <reference FK="true" id="R2244" source="SApplicabilityCondition"
            target="SCondition" type="external_part">
            <field_map_list>
                <field_map>
                    <local_field_name>conditionId</local_field_name>
                    <target_field_name>conditionId</target_field_name>
                </field_map>
            </field_map_list>
        </reference>
        <reference FK="false" id="R2228"
            source="SApplicabilityCondition" target="SBlAssetClass" type="external_part">
            <field_map_list>
                <field_map>
                    <local_field_name>assetClassId</local_field_name>
                    <target_field_name>assetClassId</target_field_name>
                </field_map>
                <field_map>
                    <local_field_name>assetClassVersionId</local_field_name>
                    <target_field_name>assetClassVersionId</target_field_name>
                </field_map>
            </field_map_list>
        </reference>
        <reference FK="true" id="R2004" source="SConditionSubCondition"
            target="SCondition" type="external_part">
            <field_map_list>
                <field_map>
                    <local_field_name>subConditionId</local_field_name>
                    <target_field_name>conditionId</target_field_name>
                </field_map>
            </field_map_list>
        </reference>
        <reference FK="false" id="R1996" source="SConditionSubCondition"
            target="SCondition" type="external_part">
            <field_map_list>
                <field_map>
                    <local_field_name>conditionId</local_field_name>
                    <target_field_name>conditionId</target_field_name>
                </field_map>
            </field_map_list>
        </reference>
        <reference FK="true" id="R2005" local_id="1"
            source="SPropertyCondition" target="SBlValue" type="external_part">
            <field_map_list>
                <field_map>
                    <local_field_name>propertyReferenceId</local_field_name>
                    <target_field_name>blValueId</target_field_name>
                </field_map>
            </field_map_list>
        </reference>
        <reference FK="false" id="R1999" source="SPropertyCondition"
            target="SCondition" type="external_part">
            <field_map_list>
                <field_map>
                    <local_field_name>conditionId</local_field_name>
                    <target_field_name>conditionId</target_field_name>
                </field_map>
            </field_map_list>
        </reference>
        <reference FK="true" id="R2008" source="SPropertyCondition"
            target="SBlValue" type="dependency">
            <field_map_list>
                <field_map>
                    <local_field_name>blValueId</local_field_name>
                    <target_field_name>blValueId</target_field_name>
                </field_map>
            </field_map_list>
        </reference>
    </relationship_list>
    <object_list>
        <object_info id="O3888">
            <object class="SBlValue">
                <field_list>
                    <field name="blValueId">2071811</field>
                    <field name="dataTypeId">1005</field>
                    <field name="objectTypeId">5319</field>
                    <field name="valueNull">false</field>
                    <field name="deleted">false</field>
                </field_list>
            </object>
            <link_list>
                <link object="O3889" reference="R1859"/>
                <link object="O3887" reference="R2146"/>
            </link_list>
        </object_info>
        <object_info id="O3889">
            <object class="SPropertySetInstance">
                <field_list>
                    <field name="blValueId">2071811</field>
                    <field name="blAclId">11301</field>
                    <field name="createdByRoleId">1000010</field>
                    <field name="createdByUserId">1000010</field>
                    <field name="modifiedByRoleId">1000010</field>
                    <field name="modifiedByUserId">1000010</field>
                    <field name="dataTypeId">1005</field>
                    <field name="name"><![CDATA[DeployBinaries-Linux]]></field>
                    <field name="description"><![CDATA[]]></field>
                    <field name="deprecated">false</field>
                    <field name="dateCreated">2014/07/08 04:14:16-0500</field>
                    <field name="dateModified">2014/07/08 11:50:33-0500</field>
                    <field name="deleted">false</field>
                    <field name="synchronize">true</field>
                    <field name="anonymous">false</field>
                </field_list>
            </object>
        </object_info>
        <object_info id="O3905">
            <object class="SDataType">
                <field_list>
                    <field name="dataTypeId">1025</field>
                    <field name="objectTypeId">5318</field>
                    <field name="deleted">false</field>
                    <field name="builtIn">true</field>
                </field_list>
            </object>
            <link_list>
                <link object="O3893" reference="R1846"/>
            </link_list>
        </object_info>
        <object_info id="O3892">
            <object class="SDataType">
                <field_list>
                    <field name="dataTypeId">2001604</field>
                    <field name="objectTypeId">5318</field>
                    <field name="deleted">false</field>
                    <field name="builtIn">false</field>
                </field_list>
            </object>
            <link_list>
                <link object="O3887" reference="R2153"/>
                <link object="O3887" reference="R2154"/>
                <link object="O3887" reference="R2136"/>
                <link object="O3887" reference="R2155"/>
                <link object="O3887" reference="R2152"/>
                <link object="O3887" reference="R2156"/>
                <link object="O3893" reference="R1836"/>
            </link_list>
        </object_info>
        <object_info id="O3893">
            <object class="SPropertySetClass">
                <field_list>
                    <field name="dataTypeId">2001604</field>
                    <field name="superTypeId">1025</field>
                    <field name="createdByRoleId">1000010</field>
                    <field name="createdByUserId">1000010</field>
                    <field name="modifiedByRoleId">1000010</field>
                    <field name="modifiedByUserId">1000010</field>
                    <field name="blAclId">2000014</field>
                    <field name="name"><![CDATA[DeployBinaries-Linux]]></field>
                    <field name="description"><![CDATA[]]></field>
                    <field name="abstract">false</field>
                    <field name="builtIn">false</field>
                    <field name="visible">true</field>
                    <field name="deprecated">false</field>
                    <field name="dateCreated">2014/07/08 04:14:16-0500</field>
                    <field name="dateModified">2014/07/08 11:50:33-0500</field>
                    <field name="instanceTableName"><![CDATA[]]></field>
                    <field name="deleted">false</field>
                    <field name="synchronize">true</field>
                    <field name="modelObject">true</field>
                    <field name="custom">false</field>
                    <field name="extendable">true</field>
                    <field name="anonymous">false</field>
                </field_list>
            </object>
            <link_list>
                <link object="O3898" reference="R1844"/>
                <link object="O3897" reference="R1843"/>
                <link object="O3901" reference="R1843"/>
                <link object="O3894" reference="R1844"/>
            </link_list>
        </object_info>
        <object_info id="O3897">
            <object class="SProperty">
                <field_list>
                    <field name="propertyId">10005277</field>
                    <field name="dataTypeId">1</field>
                    <field name="classDataTypeId">2001604</field>
                    <field name="createdByRoleId">1000010</field>
                    <field name="createdByUserId">1000010</field>
                    <field name="modifiedByRoleId">1000010</field>
                    <field name="modifiedByUserId">1000010</field>
                    <field name="name"><![CDATA[TOMCAT_GID]]></field>
                    <field name="description"><![CDATA[Group id of system group tomcat to create]]></field>
                    <field name="builtIn">false</field>
                    <field name="valueReadOnly">false</field>
                    <field name="valueRequired">false</field>
                    <field name="usedInReports">false</field>
                    <field name="deprecated">false</field>
                    <field name="dateCreated">2014/07/08 04:14:16-0500</field>
                    <field name="dateModified">2014/07/08 11:50:33-0500</field>
                    <field name="loadTypeId">1</field>
                    <field name="deleted">false</field>
                </field_list>
            </object>
            <link_list>
                <link object="O3894" reference="R1855"/>
                <link object="O3928" reference="R1877"/>
            </link_list>
        </object_info>
        <object_info id="O3895">
            <object class="SBlValue">
                <field_list>
                    <field name="blValueId">2071208</field>
                    <field name="dataTypeId">1</field>
                    <field name="objectTypeId">6000</field>
                    <field name="valueNull">false</field>
                    <field name="deleted">false</field>
                </field_list>
            </object>
            <link_list>
                <link object="O3894" reference="R1854"/>
                <link object="O3896" reference="R1862"/>
            </link_list>
        </object_info>
        <object_info id="O3894">
            <object class="SPropertySetClassDefaultValueMap">
                <field_list>
                    <field name="dataTypeId">2001604</field>
                    <field name="propertyId">10005277</field>
                    <field name="blValueId">2071208</field>
                    <field name="deleted">false</field>
                </field_list>
            </object>
        </object_info>
        <object_info id="O3896">
            <object class="SPrimitiveBlValue">
                <field_list>
                    <field name="blValueId">2071208</field>
                    <field name="dataTypeId">1</field>
                    <field name="metaChecksumHi">4036332220405417671</field>
                    <field name="metaChecksumLo">5065156533210005420</field>
                    <field name="value"><![CDATA[501]]></field>
                    <field name="deleted">false</field>
                </field_list>
            </object>
        </object_info>
        <object_info id="O3899">
            <object class="SBlValue">
                <field_list>
                    <field name="blValueId">2058552</field>
                    <field name="dataTypeId">2</field>
                    <field name="objectTypeId">6000</field>
                    <field name="valueNull">false</field>
                    <field name="deleted">false</field>
                </field_list>
            </object>
            <link_list>
                <link object="O3900" reference="R1862"/>
                <link object="O3898" reference="R1854"/>
            </link_list>
        </object_info>
        <object_info id="O3901">
            <object class="SProperty">
                <field_list>
                    <field name="propertyId">10005279</field>
                    <field name="dataTypeId">2</field>
                    <field name="classDataTypeId">2001604</field>
                    <field name="createdByRoleId">1000010</field>
                    <field name="createdByUserId">1000010</field>
                    <field name="modifiedByRoleId">1000010</field>
                    <field name="modifiedByUserId">1000010</field>
                    <field name="name"><![CDATA[TOMCAT_INSTALL_DIR]]></field>
                    <field name="description"><![CDATA[Installation path where tomcat binaries will be installed]]></field>
                    <field name="builtIn">false</field>
                    <field name="valueReadOnly">false</field>
                    <field name="valueRequired">false</field>
                    <field name="usedInReports">false</field>
                    <field name="deprecated">false</field>
                    <field name="dateCreated">2014/07/08 04:14:16-0500</field>
                    <field name="dateModified">2014/07/08 11:50:33-0500</field>
                    <field name="loadTypeId">1</field>
                    <field name="deleted">false</field>
                </field_list>
            </object>
            <link_list>
                <link object="O3914" reference="R1877"/>
                <link object="O3898" reference="R1855"/>
            </link_list>
        </object_info>
        <object_info id="O3898">
            <object class="SPropertySetClassDefaultValueMap">
                <field_list>
                    <field name="dataTypeId">2001604</field>
                    <field name="propertyId">10005279</field>
                    <field name="blValueId">2058552</field>
                    <field name="deleted">false</field>
                </field_list>
            </object>
        </object_info>
        <object_info id="O3900">
            <object class="SPrimitiveBlValue">
                <field_list>
                    <field name="blValueId">2058552</field>
                    <field name="dataTypeId">2</field>
                    <field name="metaChecksumHi">-7583636829721250812</field>
                    <field name="metaChecksumLo">3026455948030437085</field>
                    <field name="value"><![CDATA[/opt/tomcat7]]></field>
                    <field name="deleted">false</field>
                </field_list>
            </object>
        </object_info>
        <object_info id="O3912">
            <object class="SBlValue">
                <field_list>
                    <field name="blValueId">2072531</field>
                    <field name="dataTypeId">2</field>
                    <field name="objectTypeId">6005</field>
                    <field name="valueNull">false</field>
                    <field name="deleted">false</field>
                </field_list>
            </object>
            <link_list>
                <link object="O3913" reference="R1861"/>
                <link object="O3913" reference="R1863"/>
                <link object="O3911" reference="R2188"/>
            </link_list>
        </object_info>
        <object_info id="O3887">
            <object class="SDepotObject">
                <field_list>
                    <field name="depotObjectId">277</field>
                    <field name="depotObjectVersionId">1</field>
                    <field name="blValueId">2071811</field>
                    <field name="guid">91d704e8-829b-4162-8ff7-75499f382d8f</field>
                    <field name="groupId">2000223</field>
                    <field name="objectTypeId">28</field>
                    <field name="createdByRoleId">1000010</field>
                    <field name="createdByUserId">1000010</field>
                    <field name="modifiedByRoleId">1000010</field>
                    <field name="modifiedByUserId">1000010</field>
                    <field name="blAclId">2000015</field>
                    <field name="dataTypeId">2001604</field>
                    <field name="name"><![CDATA[DeployBinaries-Linux]]></field>
                    <field name="description"><![CDATA[]]></field>
                    <field name="lockedByUserId">0</field>
                    <field name="savedExplicitly">true</field>
                    <field name="errors">false</field>
                    <field name="warnings">false</field>
                    <field name="latestVersion">true</field>
                    <field name="dateCreated">2014/07/08 04:14:16-0500</field>
                    <field name="dateModified">2014/07/08 11:50:33-0500</field>
                    <field name="deleted">false</field>
                </field_list>
            </object>
            <link_list>
                <link object="O3931" reference="R2183"/>
                <link object="O3931" reference="R2138"/>
                <link object="O3936" reference="R2123"/>
                <link object="O3934" reference="R2147"/>
                <link object="O3925" reference="R2139"/>
                <link object="O3917" reference="R2139"/>
                <link object="O3911" reference="R2139"/>
            </link_list>
        </object_info>
        <object_info id="O3911">
            <object class="SBlPackagePropertyReference">
                <field_list>
                    <field name="depotObjectId">277</field>
                    <field name="depotObjectVersionId">1</field>
                    <field name="sequenceId">0</field>
                    <field name="blValueId">2072531</field>
                    <field name="deleted">false</field>
                </field_list>
            </object>
        </object_info>
        <object_info id="O3913">
            <object class="SPropertyReference">
                <field_list>
                    <field name="blValueId">2072531</field>
                    <field name="referencePath"><![CDATA[]]></field>
                    <field name="deleted">false</field>
                </field_list>
            </object>
            <link_list>
                <link object="O3914" reference="R1875"/>
            </link_list>
        </object_info>
        <object_info id="O3914">
            <object class="SPropertyReferenceProperty">
                <field_list>
                    <field name="blValueId">2072531</field>
                    <field name="sequenceId">0</field>
                    <field name="propertyId">10005279</field>
                    <field name="deleted">false</field>
                </field_list>
            </object>
        </object_info>
        <object_info id="O3918">
            <object class="SBlValue">
                <field_list>
                    <field name="blValueId">2072532</field>
                    <field name="dataTypeId">2</field>
                    <field name="objectTypeId">6005</field>
                    <field name="valueNull">false</field>
                    <field name="deleted">false</field>
                </field_list>
            </object>
            <link_list>
                <link object="O3919" reference="R1861"/>
                <link object="O3919" reference="R1863"/>
                <link object="O3917" reference="R2188"/>
            </link_list>
        </object_info>
        <object_info id="O3917">
            <object class="SBlPackagePropertyReference">
                <field_list>
                    <field name="depotObjectId">277</field>
                    <field name="depotObjectVersionId">1</field>
                    <field name="sequenceId">1</field>
                    <field name="blValueId">2072532</field>
                    <field name="deleted">false</field>
                </field_list>
            </object>
        </object_info>
        <object_info id="O3919">
            <object class="SPropertyReference">
                <field_list>
                    <field name="blValueId">2072532</field>
                    <field name="referencePath"><![CDATA[]]></field>
                    <field name="deleted">false</field>
                </field_list>
            </object>
            <link_list>
                <link object="O3920" reference="R1875"/>
                <link object="O3922" reference="R1875"/>
            </link_list>
        </object_info>
        <object_info id="O3921">
            <object class="SProperty">
                <field_list>
                    <field name="propertyId">1002500</field>
                    <field name="dataTypeId">1002</field>
                    <field name="classDataTypeId">1025</field>
                    <field name="createdByRoleId">0</field>
                    <field name="createdByUserId">0</field>
                    <field name="modifiedByRoleId">0</field>
                    <field name="modifiedByUserId">0</field>
                    <field name="name"><![CDATA[TARGET]]></field>
                    <field name="description"><![CDATA[The target Server]]></field>
                    <field name="builtIn">true</field>
                    <field name="valueReadOnly">true</field>
                    <field name="valueRequired">true</field>
                    <field name="usedInReports">false</field>
                    <field name="deprecated">false</field>
                    <field name="dateCreated">null</field>
                    <field name="dateModified">null</field>
                    <field name="loadTypeId">1</field>
                    <field name="deleted">false</field>
                </field_list>
            </object>
            <link_list>
                <link object="O3920" reference="R1877"/>
            </link_list>
        </object_info>
        <object_info id="O3920">
            <object class="SPropertyReferenceProperty">
                <field_list>
                    <field name="blValueId">2072532</field>
                    <field name="sequenceId">0</field>
                    <field name="propertyId">1002500</field>
                    <field name="deleted">false</field>
                </field_list>
            </object>
        </object_info>
        <object_info id="O3923">
            <object class="SProperty">
                <field_list>
                    <field name="propertyId">1000212</field>
                    <field name="dataTypeId">2</field>
                    <field name="classDataTypeId">1002</field>
                    <field name="createdByRoleId">0</field>
                    <field name="createdByUserId">0</field>
                    <field name="modifiedByRoleId">0</field>
                    <field name="modifiedByUserId">0</field>
                    <field name="name"><![CDATA[OS]]></field>
                    <field name="description"><![CDATA[Operating System]]></field>
                    <field name="builtIn">true</field>
                    <field name="valueReadOnly">true</field>
                    <field name="valueRequired">true</field>
                    <field name="usedInReports">true</field>
                    <field name="deprecated">false</field>
                    <field name="dateCreated">null</field>
                    <field name="dateModified">null</field>
                    <field name="loadTypeId">1</field>
                    <field name="deleted">false</field>
                </field_list>
            </object>
            <link_list>
                <link object="O3922" reference="R1877"/>
                <link object="O3975" reference="R1877"/>
                <link object="O3965" reference="R1877"/>
                <link object="O3985" reference="R1877"/>
                <link object="O3955" reference="R1877"/>
            </link_list>
        </object_info>
        <object_info id="O3922">
            <object class="SPropertyReferenceProperty">
                <field_list>
                    <field name="blValueId">2072532</field>
                    <field name="sequenceId">1</field>
                    <field name="propertyId">1000212</field>
                    <field name="deleted">false</field>
                </field_list>
            </object>
        </object_info>
        <object_info id="O3926">
            <object class="SBlValue">
                <field_list>
                    <field name="blValueId">2072533</field>
                    <field name="dataTypeId">1</field>
                    <field name="objectTypeId">6005</field>
                    <field name="valueNull">false</field>
                    <field name="deleted">false</field>
                </field_list>
            </object>
            <link_list>
                <link object="O3927" reference="R1861"/>
                <link object="O3927" reference="R1863"/>
                <link object="O3925" reference="R2188"/>
            </link_list>
        </object_info>
        <object_info id="O3925">
            <object class="SBlPackagePropertyReference">
                <field_list>
                    <field name="depotObjectId">277</field>
                    <field name="depotObjectVersionId">1</field>
                    <field name="sequenceId">2</field>
                    <field name="blValueId">2072533</field>
                    <field name="deleted">false</field>
                </field_list>
            </object>
        </object_info>
        <object_info id="O3927">
            <object class="SPropertyReference">
                <field_list>
                    <field name="blValueId">2072533</field>
                    <field name="referencePath"><![CDATA[]]></field>
                    <field name="deleted">false</field>
                </field_list>
            </object>
            <link_list>
                <link object="O3928" reference="R1875"/>
            </link_list>
        </object_info>
        <object_info id="O3928">
            <object class="SPropertyReferenceProperty">
                <field_list>
                    <field name="blValueId">2072533</field>
                    <field name="sequenceId">0</field>
                    <field name="propertyId">10005277</field>
                    <field name="deleted">false</field>
                </field_list>
            </object>
        </object_info>
        <object_info id="O3931">
            <object class="SDepotObjectLocation">
                <field_list>
                    <field name="depotObjectLocationId">240</field>
                    <field name="depotObjectId">277</field>
                    <field name="depotObjectVersionId">1</field>
                    <field name="depotObjectLocationTypeId">0</field>
                    <field name="fileLocationId">484</field>
                    <field name="blfileId">null</field>
                    <field name="remotePath"><![CDATA[]]></field>
                    <field name="remotePathParameterized">false</field>
                    <field name="deleted">false</field>
                </field_list>
            </object>
        </object_info>
        <object_info id="O3932">
            <object class="SFileLocation">
                <field_list>
                    <field name="fileLocationId">484</field>
                    <field name="fileServerId">1</field>
                    <field name="relativePath"><![CDATA[blpackages/ba56aea9-358b-4077-8cd5-9f418fee034c]]></field>
                    <field name="deleted">false</field>
                </field_list>
            </object>
        </object_info>
        <object_info id="O3937">
            <object class="SBlAssetClass">
                <field_list>
                    <field name="assetClassId">2000616</field>
                    <field name="assetClassVersionId">85000000</field>
                    <field name="modelRevisionNumber">1</field>
                    <field name="blAclId">2000007</field>
                    <field name="dataTypeId">1002</field>
                    <field name="name"><![CDATA[BMC_UnixGroup]]></field>
                    <field name="root">false</field>
                    <field name="builtIn">false</field>
                    <field name="iconFileName"><![CDATA[BMC_UnixGroup.ico]]></field>
                    <field name="modelDirFileLocationId">376</field>
                    <field name="checksum"><![CDATA[6b7bf14578655582757620c9e1e23cb9]]></field>
                    <field name="displayStringSetId">2020176</field>
                    <field name="createdByRoleId">0</field>
                    <field name="createdByUserId">0</field>
                    <field name="modifiedByRoleId">1000012</field>
                    <field name="modifiedByUserId">1000012</field>
                    <field name="dateCreated">null</field>
                    <field name="dateModified">2014/03/24 07:14:09-0500</field>
                    <field name="latestVersion">true</field>
                    <field name="deleted">false</field>
                    <field name="invisible">false</field>
                    <field name="prefetchChildren">false</field>
                    <field name="bulkDeploy">false</field>
                    <field name="visibleToReporting">true</field>
                    <field name="customObjectContext"><![CDATA[agent]]></field>
                    <field name="serverMainClass"><![CDATA[]]></field>
                    <field name="auditTokenizable">false</field>
                    <field name="group">false</field>
                    <field name="autoGroup">false</field>
                    <field name="assetClassLibraryId">null</field>
                    <field name="assetClassLibraryVersionId">null</field>
                    <field name="libAssetClassId">null</field>
                    <field name="libAssetClassVersionId">null</field>
                </field_list>
            </object>
            <link_list>
                <link object="O3945" reference="R2233"/>
                <link object="O3943" reference="R2233"/>
                <link object="O3942" reference="R2233"/>
                <link object="O3946" reference="R2228"/>
                <link object="O3939" reference="R2248"/>
                <link object="O3936" reference="R2184"/>
                <link object="O3935" reference="R2233"/>
            </link_list>
        </object_info>
        <object_info id="O3935">
            <object class="SAssetAttribute">
                <field_list>
                    <field name="assetAttributeId">2020144</field>
                    <field name="assetClassId">2000616</field>
                    <field name="assetClassVersionId">85000000</field>
                    <field name="dataTypeId">1</field>
                    <field name="name"><![CDATA[gid]]></field>
                    <field name="appCondId">0</field>
                    <field name="sequenceId">2</field>
                    <field name="nameAttribute">false</field>
                    <field name="pathAttribute">false</field>
                    <field name="unique">false</field>
                    <field name="displayStringSetId">2020178</field>
                    <field name="deleted">false</field>
                </field_list>
            </object>
            <link_list>
                <link object="O3934" reference="R2185"/>
            </link_list>
        </object_info>
        <object_info id="O3934">
            <object class="SBlPackageAttributeRef">
                <field_list>
                    <field name="depotObjectId">277</field>
                    <field name="depotObjectVersionId">1</field>
                    <field name="assetAttributeId">2020144</field>
                    <field name="deleted">false</field>
                </field_list>
            </object>
        </object_info>
        <object_info id="O3936">
            <object class="SBlPackageClassRef">
                <field_list>
                    <field name="depotObjectId">277</field>
                    <field name="depotObjectVersionId">1</field>
                    <field name="assetClassId">2000616</field>
                    <field name="assetClassVersionId">85000000</field>
                    <field name="deleted">false</field>
                </field_list>
            </object>
        </object_info>
        <object_info id="O3938">
            <object class="SBlAssetClass">
                <field_list>
                    <field name="assetClassId">2000615</field>
                    <field name="assetClassVersionId">85000000</field>
                    <field name="modelRevisionNumber">1</field>
                    <field name="blAclId">2000007</field>
                    <field name="dataTypeId">1002</field>
                    <field name="name"><![CDATA[BMC_UnixGroups]]></field>
                    <field name="root">true</field>
                    <field name="builtIn">false</field>
                    <field name="iconFileName"><![CDATA[BMC_UnixGroups.ico]]></field>
                    <field name="modelDirFileLocationId">376</field>
                    <field name="checksum"><![CDATA[6b7bf14578655582757620c9e1e23cb9]]></field>
                    <field name="displayStringSetId">2020174</field>
                    <field name="createdByRoleId">0</field>
                    <field name="createdByUserId">0</field>
                    <field name="modifiedByRoleId">1000012</field>
                    <field name="modifiedByUserId">1000012</field>
                    <field name="dateCreated">null</field>
                    <field name="dateModified">2014/03/24 07:14:09-0500</field>
                    <field name="latestVersion">true</field>
                    <field name="deleted">false</field>
                    <field name="invisible">false</field>
                    <field name="prefetchChildren">false</field>
                    <field name="bulkDeploy">false</field>
                    <field name="visibleToReporting">true</field>
                    <field name="customObjectContext"><![CDATA[agent]]></field>
                    <field name="serverMainClass"><![CDATA[]]></field>
                    <field name="auditTokenizable">false</field>
                    <field name="group">false</field>
                    <field name="autoGroup">false</field>
                    <field name="assetClassLibraryId">null</field>
                    <field name="assetClassLibraryVersionId">null</field>
                    <field name="libAssetClassId">null</field>
                    <field name="libAssetClassVersionId">null</field>
                </field_list>
            </object>
            <link_list>
                <link object="O3990" reference="R2228"/>
                <link object="O3939" reference="R2232"/>
                <link object="O3988" reference="R2233"/>
                <link object="O3989" reference="R2233"/>
            </link_list>
        </object_info>
        <object_info id="O3939">
            <object class="SBlAssetClassChildren">
                <field_list>
                    <field name="assetClassId">2000615</field>
                    <field name="assetClassVersionId">85000000</field>
                    <field name="sequenceId">0</field>
                    <field name="childAssetClassId">2000616</field>
                    <field name="childAssetClassVersionId">85000000</field>
                    <field name="reportable">true</field>
                    <field name="deleted">false</field>
                </field_list>
            </object>
        </object_info>
        <object_info id="O3942">
            <object class="SAssetAttribute">
                <field_list>
                    <field name="assetAttributeId">2020142</field>
                    <field name="assetClassId">2000616</field>
                    <field name="assetClassVersionId">85000000</field>
                    <field name="dataTypeId">2</field>
                    <field name="name"><![CDATA[Path]]></field>
                    <field name="appCondId">0</field>
                    <field name="sequenceId">0</field>
                    <field name="nameAttribute">false</field>
                    <field name="pathAttribute">true</field>
                    <field name="unique">false</field>
                    <field name="displayStringSetId">0</field>
                    <field name="deleted">false</field>
                </field_list>
            </object>
        </object_info>
        <object_info id="O3943">
            <object class="SAssetAttribute">
                <field_list>
                    <field name="assetAttributeId">2020143</field>
                    <field name="assetClassId">2000616</field>
                    <field name="assetClassVersionId">85000000</field>
                    <field name="dataTypeId">2</field>
                    <field name="name"><![CDATA[Name]]></field>
                    <field name="appCondId">0</field>
                    <field name="sequenceId">1</field>
                    <field name="nameAttribute">true</field>
                    <field name="pathAttribute">false</field>
                    <field name="unique">false</field>
                    <field name="displayStringSetId">0</field>
                    <field name="deleted">false</field>
                </field_list>
            </object>
        </object_info>
        <object_info id="O3945">
            <object class="SAssetAttribute">
                <field_list>
                    <field name="assetAttributeId">2020145</field>
                    <field name="assetClassId">2000616</field>
                    <field name="assetClassVersionId">85000000</field>
                    <field name="dataTypeId">100</field>
                    <field name="name"><![CDATA[members]]></field>
                    <field name="appCondId">0</field>
                    <field name="sequenceId">3</field>
                    <field name="nameAttribute">false</field>
                    <field name="pathAttribute">false</field>
                    <field name="unique">false</field>
                    <field name="displayStringSetId">2020179</field>
                    <field name="deleted">false</field>
                </field_list>
            </object>
        </object_info>
        <object_info id="O3947">
            <object class="SCondition">
                <field_list>
                    <field name="conditionId">11027</field>
                    <field name="objectTypeId">5302</field>
                    <field name="operatorId">5</field>
                    <field name="deleted">false</field>
                </field_list>
            </object>
            <link_list>
                <link object="O3978" reference="R1996"/>
                <link object="O3946" reference="R2244"/>
                <link object="O3948" reference="R1996"/>
                <link object="O3968" reference="R1996"/>
                <link object="O3958" reference="R1996"/>
            </link_list>
        </object_info>
        <object_info id="O3946">
            <object class="SApplicabilityCondition">
                <field_list>
                    <field name="appCondId">2004575</field>
                    <field name="assetClassId">2000616</field>
                    <field name="assetClassVersionId">85000000</field>
                    <field name="sequenceId">0</field>
                    <field name="name"><![CDATA[Unix]]></field>
                    <field name="conditionId">11027</field>
                    <field name="displayStringSetId">2020177</field>
                    <field name="deleted">false</field>
                </field_list>
            </object>
        </object_info>
        <object_info id="O3949">
            <object class="SCondition">
                <field_list>
                    <field name="conditionId">11028</field>
                    <field name="objectTypeId">5313</field>
                    <field name="operatorId">1</field>
                    <field name="deleted">false</field>
                </field_list>
            </object>
            <link_list>
                <link object="O3948" reference="R2004"/>
                <link object="O3950" reference="R1999"/>
            </link_list>
        </object_info>
        <object_info id="O3948">
            <object class="SConditionSubCondition">
                <field_list>
                    <field name="conditionId">11027</field>
                    <field name="sequenceId">0</field>
                    <field name="subConditionId">11028</field>
                    <field name="deleted">false</field>
                </field_list>
            </object>
        </object_info>
        <object_info id="O3953">
            <object class="SBlValue">
                <field_list>
                    <field name="blValueId">2064292</field>
                    <field name="dataTypeId">2</field>
                    <field name="objectTypeId">6005</field>
                    <field name="valueNull">false</field>
                    <field name="deleted">false</field>
                </field_list>
            </object>
            <link_list>
                <link object="O3950" reference="R2005"/>
                <link object="O3954" reference="R1861"/>
                <link object="O3954" reference="R1863"/>
                <link object="O3994" reference="R2005"/>
            </link_list>
        </object_info>
        <object_info id="O3951">
            <object class="SBlValue">
                <field_list>
                    <field name="blValueId">2002435</field>
                    <field name="dataTypeId">2</field>
                    <field name="objectTypeId">6000</field>
                    <field name="valueNull">false</field>
                    <field name="deleted">false</field>
                </field_list>
            </object>
            <link_list>
                <link object="O3994" reference="R2008"/>
                <link object="O3952" reference="R1862"/>
                <link object="O3950" reference="R2008"/>
            </link_list>
        </object_info>
        <object_info id="O3950">
            <object class="SPropertyCondition">
                <field_list>
                    <field name="conditionId">11028</field>
                    <field name="blValueId">2002435</field>
                    <field name="propertyReferenceId">2064292</field>
                    <field name="dataTypeId">1002</field>
                    <field name="deleted">false</field>
                </field_list>
            </object>
        </object_info>
        <object_info id="O3952">
            <object class="SPrimitiveBlValue">
                <field_list>
                    <field name="blValueId">2002435</field>
                    <field name="dataTypeId">2</field>
                    <field name="metaChecksumHi">543274493884983391</field>
                    <field name="metaChecksumLo">7013284664089896034</field>
                    <field name="value"><![CDATA[Linux]]></field>
                    <field name="deleted">false</field>
                </field_list>
            </object>
        </object_info>
        <object_info id="O3954">
            <object class="SPropertyReference">
                <field_list>
                    <field name="blValueId">2064292</field>
                    <field name="referencePath"><![CDATA[]]></field>
                    <field name="deleted">false</field>
                </field_list>
            </object>
            <link_list>
                <link object="O3955" reference="R1875"/>
            </link_list>
        </object_info>
        <object_info id="O3955">
            <object class="SPropertyReferenceProperty">
                <field_list>
                    <field name="blValueId">2064292</field>
                    <field name="sequenceId">0</field>
                    <field name="propertyId">1000212</field>
                    <field name="deleted">false</field>
                </field_list>
            </object>
        </object_info>
        <object_info id="O3959">
            <object class="SCondition">
                <field_list>
                    <field name="conditionId">11029</field>
                    <field name="objectTypeId">5313</field>
                    <field name="operatorId">1</field>
                    <field name="deleted">false</field>
                </field_list>
            </object>
            <link_list>
                <link object="O3960" reference="R1999"/>
                <link object="O3958" reference="R2004"/>
            </link_list>
        </object_info>
        <object_info id="O3958">
            <object class="SConditionSubCondition">
                <field_list>
                    <field name="conditionId">11027</field>
                    <field name="sequenceId">1</field>
                    <field name="subConditionId">11029</field>
                    <field name="deleted">false</field>
                </field_list>
            </object>
        </object_info>
        <object_info id="O3961">
            <object class="SBlValue">
                <field_list>
                    <field name="blValueId">2002802</field>
                    <field name="dataTypeId">2</field>
                    <field name="objectTypeId">6000</field>
                    <field name="valueNull">false</field>
                    <field name="deleted">false</field>
                </field_list>
            </object>
            <link_list>
                <link object="O3960" reference="R2008"/>
                <link object="O3962" reference="R1862"/>
                <link object="O3999" reference="R2008"/>
            </link_list>
        </object_info>
        <object_info id="O3963">
            <object class="SBlValue">
                <field_list>
                    <field name="blValueId">2064293</field>
                    <field name="dataTypeId">2</field>
                    <field name="objectTypeId">6005</field>
                    <field name="valueNull">false</field>
                    <field name="deleted">false</field>
                </field_list>
            </object>
            <link_list>
                <link object="O3999" reference="R2005"/>
                <link object="O3964" reference="R1861"/>
                <link object="O3964" reference="R1863"/>
                <link object="O3960" reference="R2005"/>
            </link_list>
        </object_info>
        <object_info id="O3960">
            <object class="SPropertyCondition">
                <field_list>
                    <field name="conditionId">11029</field>
                    <field name="blValueId">2002802</field>
                    <field name="propertyReferenceId">2064293</field>
                    <field name="dataTypeId">1002</field>
                    <field name="deleted">false</field>
                </field_list>
            </object>
        </object_info>
        <object_info id="O3962">
            <object class="SPrimitiveBlValue">
                <field_list>
                    <field name="blValueId">2002802</field>
                    <field name="dataTypeId">2</field>
                    <field name="metaChecksumHi">-8289306900388815341</field>
                    <field name="metaChecksumLo">-9161711352972285922</field>
                    <field name="value"><![CDATA[Solaris]]></field>
                    <field name="deleted">false</field>
                </field_list>
            </object>
        </object_info>
        <object_info id="O3964">
            <object class="SPropertyReference">
                <field_list>
                    <field name="blValueId">2064293</field>
                    <field name="referencePath"><![CDATA[]]></field>
                    <field name="deleted">false</field>
                </field_list>
            </object>
            <link_list>
                <link object="O3965" reference="R1875"/>
            </link_list>
        </object_info>
        <object_info id="O3965">
            <object class="SPropertyReferenceProperty">
                <field_list>
                    <field name="blValueId">2064293</field>
                    <field name="sequenceId">0</field>
                    <field name="propertyId">1000212</field>
                    <field name="deleted">false</field>
                </field_list>
            </object>
        </object_info>
        <object_info id="O3969">
            <object class="SCondition">
                <field_list>
                    <field name="conditionId">11030</field>
                    <field name="objectTypeId">5313</field>
                    <field name="operatorId">1</field>
                    <field name="deleted">false</field>
                </field_list>
            </object>
            <link_list>
                <link object="O3968" reference="R2004"/>
                <link object="O3970" reference="R1999"/>
            </link_list>
        </object_info>
        <object_info id="O3968">
            <object class="SConditionSubCondition">
                <field_list>
                    <field name="conditionId">11027</field>
                    <field name="sequenceId">2</field>
                    <field name="subConditionId">11030</field>
                    <field name="deleted">false</field>
                </field_list>
            </object>
        </object_info>
        <object_info id="O3971">
            <object class="SBlValue">
                <field_list>
                    <field name="blValueId">2003000</field>
                    <field name="dataTypeId">2</field>
                    <field name="objectTypeId">6000</field>
                    <field name="valueNull">false</field>
                    <field name="deleted">false</field>
                </field_list>
            </object>
            <link_list>
                <link object="O4004" reference="R2008"/>
                <link object="O3970" reference="R2008"/>
                <link object="O3972" reference="R1862"/>
            </link_list>
        </object_info>
        <object_info id="O3973">
            <object class="SBlValue">
                <field_list>
                    <field name="blValueId">2064294</field>
                    <field name="dataTypeId">2</field>
                    <field name="objectTypeId">6005</field>
                    <field name="valueNull">false</field>
                    <field name="deleted">false</field>
                </field_list>
            </object>
            <link_list>
                <link object="O3974" reference="R1861"/>
                <link object="O3974" reference="R1863"/>
                <link object="O3970" reference="R2005"/>
                <link object="O4004" reference="R2005"/>
            </link_list>
        </object_info>
        <object_info id="O3970">
            <object class="SPropertyCondition">
                <field_list>
                    <field name="conditionId">11030</field>
                    <field name="blValueId">2003000</field>
                    <field name="propertyReferenceId">2064294</field>
                    <field name="dataTypeId">1002</field>
                    <field name="deleted">false</field>
                </field_list>
            </object>
        </object_info>
        <object_info id="O3972">
            <object class="SPrimitiveBlValue">
                <field_list>
                    <field name="blValueId">2003000</field>
                    <field name="dataTypeId">2</field>
                    <field name="metaChecksumHi">-8413430073186083235</field>
                    <field name="metaChecksumLo">-5457553977419677967</field>
                    <field name="value"><![CDATA[AIX]]></field>
                    <field name="deleted">false</field>
                </field_list>
            </object>
        </object_info>
        <object_info id="O3974">
            <object class="SPropertyReference">
                <field_list>
                    <field name="blValueId">2064294</field>
                    <field name="referencePath"><![CDATA[]]></field>
                    <field name="deleted">false</field>
                </field_list>
            </object>
            <link_list>
                <link object="O3975" reference="R1875"/>
            </link_list>
        </object_info>
        <object_info id="O3975">
            <object class="SPropertyReferenceProperty">
                <field_list>
                    <field name="blValueId">2064294</field>
                    <field name="sequenceId">0</field>
                    <field name="propertyId">1000212</field>
                    <field name="deleted">false</field>
                </field_list>
            </object>
        </object_info>
        <object_info id="O3979">
            <object class="SCondition">
                <field_list>
                    <field name="conditionId">11031</field>
                    <field name="objectTypeId">5313</field>
                    <field name="operatorId">1</field>
                    <field name="deleted">false</field>
                </field_list>
            </object>
            <link_list>
                <link object="O3980" reference="R1999"/>
                <link object="O3978" reference="R2004"/>
            </link_list>
        </object_info>
        <object_info id="O3978">
            <object class="SConditionSubCondition">
                <field_list>
                    <field name="conditionId">11027</field>
                    <field name="sequenceId">3</field>
                    <field name="subConditionId">11031</field>
                    <field name="deleted">false</field>
                </field_list>
            </object>
        </object_info>
        <object_info id="O3983">
            <object class="SBlValue">
                <field_list>
                    <field name="blValueId">2064295</field>
                    <field name="dataTypeId">2</field>
                    <field name="objectTypeId">6005</field>
                    <field name="valueNull">false</field>
                    <field name="deleted">false</field>
                </field_list>
            </object>
            <link_list>
                <link object="O4009" reference="R2005"/>
                <link object="O3984" reference="R1861"/>
                <link object="O3984" reference="R1863"/>
                <link object="O3980" reference="R2005"/>
            </link_list>
        </object_info>
        <object_info id="O3981">
            <object class="SBlValue">
                <field_list>
                    <field name="blValueId">2000023</field>
                    <field name="dataTypeId">2</field>
                    <field name="objectTypeId">6000</field>
                    <field name="valueNull">false</field>
                    <field name="deleted">false</field>
                </field_list>
            </object>
            <link_list>
                <link object="O4009" reference="R2008"/>
                <link object="O3982" reference="R1862"/>
                <link object="O3980" reference="R2008"/>
            </link_list>
        </object_info>
        <object_info id="O3980">
            <object class="SPropertyCondition">
                <field_list>
                    <field name="conditionId">11031</field>
                    <field name="blValueId">2000023</field>
                    <field name="propertyReferenceId">2064295</field>
                    <field name="dataTypeId">1002</field>
                    <field name="deleted">false</field>
                </field_list>
            </object>
        </object_info>
        <object_info id="O3982">
            <object class="SPrimitiveBlValue">
                <field_list>
                    <field name="blValueId">2000023</field>
                    <field name="dataTypeId">2</field>
                    <field name="metaChecksumHi">-4317456145705260367</field>
                    <field name="metaChecksumLo">8805861730516248259</field>
                    <field name="value"><![CDATA[HP-UX]]></field>
                    <field name="deleted">false</field>
                </field_list>
            </object>
        </object_info>
        <object_info id="O3984">
            <object class="SPropertyReference">
                <field_list>
                    <field name="blValueId">2064295</field>
                    <field name="referencePath"><![CDATA[]]></field>
                    <field name="deleted">false</field>
                </field_list>
            </object>
            <link_list>
                <link object="O3985" reference="R1875"/>
            </link_list>
        </object_info>
        <object_info id="O3985">
            <object class="SPropertyReferenceProperty">
                <field_list>
                    <field name="blValueId">2064295</field>
                    <field name="sequenceId">0</field>
                    <field name="propertyId">1000212</field>
                    <field name="deleted">false</field>
                </field_list>
            </object>
        </object_info>
        <object_info id="O3988">
            <object class="SAssetAttribute">
                <field_list>
                    <field name="assetAttributeId">2020146</field>
                    <field name="assetClassId">2000615</field>
                    <field name="assetClassVersionId">85000000</field>
                    <field name="dataTypeId">2</field>
                    <field name="name"><![CDATA[Path]]></field>
                    <field name="appCondId">0</field>
                    <field name="sequenceId">0</field>
                    <field name="nameAttribute">false</field>
                    <field name="pathAttribute">true</field>
                    <field name="unique">false</field>
                    <field name="displayStringSetId">0</field>
                    <field name="deleted">false</field>
                </field_list>
            </object>
        </object_info>
        <object_info id="O3989">
            <object class="SAssetAttribute">
                <field_list>
                    <field name="assetAttributeId">2020147</field>
                    <field name="assetClassId">2000615</field>
                    <field name="assetClassVersionId">85000000</field>
                    <field name="dataTypeId">2</field>
                    <field name="name"><![CDATA[Name]]></field>
                    <field name="appCondId">0</field>
                    <field name="sequenceId">1</field>
                    <field name="nameAttribute">true</field>
                    <field name="pathAttribute">false</field>
                    <field name="unique">false</field>
                    <field name="displayStringSetId">0</field>
                    <field name="deleted">false</field>
                </field_list>
            </object>
        </object_info>
        <object_info id="O3991">
            <object class="SCondition">
                <field_list>
                    <field name="conditionId">11022</field>
                    <field name="objectTypeId">5302</field>
                    <field name="operatorId">5</field>
                    <field name="deleted">false</field>
                </field_list>
            </object>
            <link_list>
                <link object="O4002" reference="R1996"/>
                <link object="O3997" reference="R1996"/>
                <link object="O3990" reference="R2244"/>
                <link object="O3992" reference="R1996"/>
                <link object="O4007" reference="R1996"/>
            </link_list>
        </object_info>
        <object_info id="O3990">
            <object class="SApplicabilityCondition">
                <field_list>
                    <field name="appCondId">2004574</field>
                    <field name="assetClassId">2000615</field>
                    <field name="assetClassVersionId">85000000</field>
                    <field name="sequenceId">0</field>
                    <field name="name"><![CDATA[Unix]]></field>
                    <field name="conditionId">11022</field>
                    <field name="displayStringSetId">2020175</field>
                    <field name="deleted">false</field>
                </field_list>
            </object>
        </object_info>
        <object_info id="O3993">
            <object class="SCondition">
                <field_list>
                    <field name="conditionId">11023</field>
                    <field name="objectTypeId">5313</field>
                    <field name="operatorId">1</field>
                    <field name="deleted">false</field>
                </field_list>
            </object>
            <link_list>
                <link object="O3994" reference="R1999"/>
                <link object="O3992" reference="R2004"/>
            </link_list>
        </object_info>
        <object_info id="O3992">
            <object class="SConditionSubCondition">
                <field_list>
                    <field name="conditionId">11022</field>
                    <field name="sequenceId">0</field>
                    <field name="subConditionId">11023</field>
                    <field name="deleted">false</field>
                </field_list>
            </object>
        </object_info>
        <object_info id="O3994">
            <object class="SPropertyCondition">
                <field_list>
                    <field name="conditionId">11023</field>
                    <field name="blValueId">2002435</field>
                    <field name="propertyReferenceId">2064292</field>
                    <field name="dataTypeId">1002</field>
                    <field name="deleted">false</field>
                </field_list>
            </object>
        </object_info>
        <object_info id="O3998">
            <object class="SCondition">
                <field_list>
                    <field name="conditionId">11024</field>
                    <field name="objectTypeId">5313</field>
                    <field name="operatorId">1</field>
                    <field name="deleted">false</field>
                </field_list>
            </object>
            <link_list>
                <link object="O3999" reference="R1999"/>
                <link object="O3997" reference="R2004"/>
            </link_list>
        </object_info>
        <object_info id="O3997">
            <object class="SConditionSubCondition">
                <field_list>
                    <field name="conditionId">11022</field>
                    <field name="sequenceId">1</field>
                    <field name="subConditionId">11024</field>
                    <field name="deleted">false</field>
                </field_list>
            </object>
        </object_info>
        <object_info id="O3999">
            <object class="SPropertyCondition">
                <field_list>
                    <field name="conditionId">11024</field>
                    <field name="blValueId">2002802</field>
                    <field name="propertyReferenceId">2064293</field>
                    <field name="dataTypeId">1002</field>
                    <field name="deleted">false</field>
                </field_list>
            </object>
        </object_info>
        <object_info id="O4003">
            <object class="SCondition">
                <field_list>
                    <field name="conditionId">11025</field>
                    <field name="objectTypeId">5313</field>
                    <field name="operatorId">1</field>
                    <field name="deleted">false</field>
                </field_list>
            </object>
            <link_list>
                <link object="O4002" reference="R2004"/>
                <link object="O4004" reference="R1999"/>
            </link_list>
        </object_info>
        <object_info id="O4002">
            <object class="SConditionSubCondition">
                <field_list>
                    <field name="conditionId">11022</field>
                    <field name="sequenceId">2</field>
                    <field name="subConditionId">11025</field>
                    <field name="deleted">false</field>
                </field_list>
            </object>
        </object_info>
        <object_info id="O4004">
            <object class="SPropertyCondition">
                <field_list>
                    <field name="conditionId">11025</field>
                    <field name="blValueId">2003000</field>
                    <field name="propertyReferenceId">2064294</field>
                    <field name="dataTypeId">1002</field>
                    <field name="deleted">false</field>
                </field_list>
            </object>
        </object_info>
        <object_info id="O4008">
            <object class="SCondition">
                <field_list>
                    <field name="conditionId">11026</field>
                    <field name="objectTypeId">5313</field>
                    <field name="operatorId">1</field>
                    <field name="deleted">false</field>
                </field_list>
            </object>
            <link_list>
                <link object="O4007" reference="R2004"/>
                <link object="O4009" reference="R1999"/>
            </link_list>
        </object_info>
        <object_info id="O4007">
            <object class="SConditionSubCondition">
                <field_list>
                    <field name="conditionId">11022</field>
                    <field name="sequenceId">3</field>
                    <field name="subConditionId">11026</field>
                    <field name="deleted">false</field>
                </field_list>
            </object>
        </object_info>
        <object_info id="O4009">
            <object class="SPropertyCondition">
                <field_list>
                    <field name="conditionId">11026</field>
                    <field name="blValueId">2000023</field>
                    <field name="propertyReferenceId">2064295</field>
                    <field name="dataTypeId">1002</field>
                    <field name="deleted">false</field>
                </field_list>
            </object>
        </object_info>
    </object_list>
</model_object_graph>
