<?xml version="1.0" encoding="UTF-8"?>
<!DOCTYPE model_object_graph SYSTEM "file://bladelogic.com/dtds/BLObjectGraph_v01.dtd">
<model_object_graph blmodel_version="8.5">
    <source_key>DBKey:SDepotObjectKeyImpl:207-1</source_key>
    <exclude_list>
        <exclude_type>600</exclude_type>
    </exclude_list>
    <relationship_list>
        <reference FK="true" id="R2153" local_id="4"
            source="SDepotObject" target="SDataType" type="dependency">
            <field_map_list>
                <field_map>
                    <local_field_name>dataTypeId</local_field_name>
                    <target_field_name>dataTypeId</target_field_name>
                </field_map>
            </field_map_list>
        </reference>
        <reference FK="true" id="R2154" local_id="2"
            source="SDepotObject" target="SDataType" type="dependency">
            <field_map_list>
                <field_map>
                    <local_field_name>dataTypeId</local_field_name>
                    <target_field_name>dataTypeId</target_field_name>
                </field_map>
            </field_map_list>
        </reference>
        <reference FK="true" id="R2155" local_id="3"
            source="SDepotObject" target="SDataType" type="dependency">
            <field_map_list>
                <field_map>
                    <local_field_name>dataTypeId</local_field_name>
                    <target_field_name>dataTypeId</target_field_name>
                </field_map>
            </field_map_list>
        </reference>
        <reference FK="true" id="R2136" source="SDepotObject"
            target="SDataType" type="external_part">
            <field_map_list>
                <field_map>
                    <local_field_name>dataTypeId</local_field_name>
                    <target_field_name>dataTypeId</target_field_name>
                </field_map>
            </field_map_list>
        </reference>
        <reference FK="true" id="R2152" local_id="5"
            source="SDepotObject" target="SDataType" type="dependency">
            <field_map_list>
                <field_map>
                    <local_field_name>dataTypeId</local_field_name>
                    <target_field_name>dataTypeId</target_field_name>
                </field_map>
            </field_map_list>
        </reference>
        <reference FK="true" id="R2156" local_id="1"
            source="SDepotObject" target="SDataType" type="dependency">
            <field_map_list>
                <field_map>
                    <local_field_name>dataTypeId</local_field_name>
                    <target_field_name>dataTypeId</target_field_name>
                </field_map>
            </field_map_list>
        </reference>
        <reference FK="true" id="R2146" source="SDepotObject"
            target="SBlValue" type="external_part">
            <field_map_list>
                <field_map>
                    <local_field_name>blValueId</local_field_name>
                    <target_field_name>blValueId</target_field_name>
                </field_map>
            </field_map_list>
        </reference>
        <reference FK="false" id="R1859" source="SPropertySetInstance"
            target="SBlValue" type="external_part">
            <field_map_list>
                <field_map>
                    <local_field_name>blValueId</local_field_name>
                    <target_field_name>blValueId</target_field_name>
                </field_map>
            </field_map_list>
        </reference>
        <reference FK="true" id="R1846" source="SPropertySetClass"
            target="SDataType" type="dependency">
            <field_map_list>
                <field_map>
                    <local_field_name>superTypeId</local_field_name>
                    <target_field_name>dataTypeId</target_field_name>
                </field_map>
            </field_map_list>
        </reference>
        <reference FK="false" id="R1836" source="SPropertySetClass"
            target="SDataType" type="external_part">
            <field_map_list>
                <field_map>
                    <local_field_name>dataTypeId</local_field_name>
                    <target_field_name>dataTypeId</target_field_name>
                </field_map>
            </field_map_list>
        </reference>
        <reference FK="true" id="R1854"
            source="SPropertySetClassDefaultValueMap" target="SBlValue" type="dependency">
            <field_map_list>
                <field_map>
                    <local_field_name>blValueId</local_field_name>
                    <target_field_name>blValueId</target_field_name>
                </field_map>
            </field_map_list>
        </reference>
        <reference FK="true" id="R1855"
            source="SPropertySetClassDefaultValueMap" target="SProperty" type="dependency">
            <field_map_list>
                <field_map>
                    <local_field_name>propertyId</local_field_name>
                    <target_field_name>propertyId</target_field_name>
                </field_map>
            </field_map_list>
        </reference>
        <reference FK="false" id="R1844"
            source="SPropertySetClassDefaultValueMap"
            target="SPropertySetClass" type="external_part">
            <field_map_list>
                <field_map>
                    <local_field_name>dataTypeId</local_field_name>
                    <target_field_name>dataTypeId</target_field_name>
                </field_map>
            </field_map_list>
        </reference>
        <reference FK="false" id="R1862" source="SPrimitiveBlValue"
            target="SBlValue" type="external_part">
            <field_map_list>
                <field_map>
                    <local_field_name>blValueId</local_field_name>
                    <target_field_name>blValueId</target_field_name>
                </field_map>
            </field_map_list>
        </reference>
        <reference FK="false" id="R1857" source="SEnumeratedBlValue"
            target="SBlValue" type="external_part">
            <field_map_list>
                <field_map>
                    <local_field_name>blValueId</local_field_name>
                    <target_field_name>blValueId</target_field_name>
                </field_map>
            </field_map_list>
        </reference>
        <reference FK="true" id="R1870" source="SEnumeratedBlValue"
            target="SBlValue" type="dependency">
            <field_map_list>
                <field_map>
                    <local_field_name>elementBlValueId</local_field_name>
                    <target_field_name>blValueId</target_field_name>
                </field_map>
            </field_map_list>
        </reference>
        <reference FK="false" id="R1843" source="SProperty"
            target="SPropertySetClass" type="external_part">
            <field_map_list>
                <field_map>
                    <local_field_name>classDataTypeId</local_field_name>
                    <target_field_name>dataTypeId</target_field_name>
                </field_map>
            </field_map_list>
        </reference>
        <reference FK="false" id="R2139"
            source="SBlPackagePropertyReference" target="SDepotObject" type="external_part">
            <field_map_list>
                <field_map>
                    <local_field_name>depotObjectId</local_field_name>
                    <target_field_name>depotObjectId</target_field_name>
                </field_map>
                <field_map>
                    <local_field_name>depotObjectVersionId</local_field_name>
                    <target_field_name>depotObjectVersionId</target_field_name>
                </field_map>
            </field_map_list>
        </reference>
        <reference FK="true" id="R2188" local_id="1"
            source="SBlPackagePropertyReference" target="SBlValue" type="external_part">
            <field_map_list>
                <field_map>
                    <local_field_name>blValueId</local_field_name>
                    <target_field_name>blValueId</target_field_name>
                </field_map>
            </field_map_list>
        </reference>
        <reference FK="false" id="R1861" local_id="1"
            source="SPropertyReference" target="SBlValue" type="external_part">
            <field_map_list>
                <field_map>
                    <local_field_name>blValueId</local_field_name>
                    <target_field_name>blValueId</target_field_name>
                </field_map>
            </field_map_list>
        </reference>
        <reference FK="false" id="R1863" local_id="2"
            source="SPropertyReference" target="SBlValue" type="external_part">
            <field_map_list>
                <field_map>
                    <local_field_name>blValueId</local_field_name>
                    <target_field_name>blValueId</target_field_name>
                </field_map>
            </field_map_list>
        </reference>
        <reference FK="true" id="R1877"
            source="SPropertyReferenceProperty" target="SProperty" type="dependency">
            <field_map_list>
                <field_map>
                    <local_field_name>propertyId</local_field_name>
                    <target_field_name>propertyId</target_field_name>
                </field_map>
            </field_map_list>
        </reference>
        <reference FK="false" id="R1875"
            source="SPropertyReferenceProperty"
            target="SPropertyReference" type="external_part">
            <field_map_list>
                <field_map>
                    <local_field_name>blValueId</local_field_name>
                    <target_field_name>blValueId</target_field_name>
                </field_map>
            </field_map_list>
        </reference>
        <reference FK="true" id="R2183" source="SDepotObjectLocation"
            target="SDepotObject" type="dependency">
            <field_map_list>
                <field_map>
                    <local_field_name>depotObjectId</local_field_name>
                    <target_field_name>depotObjectId</target_field_name>
                </field_map>
                <field_map>
                    <local_field_name>depotObjectVersionId</local_field_name>
                    <target_field_name>depotObjectVersionId</target_field_name>
                </field_map>
            </field_map_list>
        </reference>
        <reference FK="false" id="R2138" source="SDepotObjectLocation"
            target="SDepotObject" type="external_part">
            <field_map_list>
                <field_map>
                    <local_field_name>depotObjectId</local_field_name>
                    <target_field_name>depotObjectId</target_field_name>
                </field_map>
                <field_map>
                    <local_field_name>depotObjectVersionId</local_field_name>
                    <target_field_name>depotObjectVersionId</target_field_name>
                </field_map>
            </field_map_list>
        </reference>
    </relationship_list>
    <object_list>
        <object_info id="O1509">
            <object class="SBlValue">
                <field_list>
                    <field name="blValueId">2064639</field>
                    <field name="dataTypeId">1005</field>
                    <field name="objectTypeId">5319</field>
                    <field name="valueNull">false</field>
                    <field name="deleted">false</field>
                </field_list>
            </object>
            <link_list>
                <link object="O1517" reference="R1859"/>
                <link object="O1503" reference="R2146"/>
            </link_list>
        </object_info>
        <object_info id="O1517">
            <object class="SPropertySetInstance">
                <field_list>
                    <field name="blValueId">2064639</field>
                    <field name="blAclId">11301</field>
                    <field name="createdByRoleId">1000010</field>
                    <field name="createdByUserId">1000010</field>
                    <field name="modifiedByRoleId">1000010</field>
                    <field name="modifiedByUserId">1000010</field>
                    <field name="dataTypeId">1005</field>
                    <field name="name"><![CDATA[DeployApplication-Unix]]></field>
                    <field name="description"><![CDATA[]]></field>
                    <field name="deprecated">false</field>
                    <field name="dateCreated">2014/05/19 08:49:51-0500</field>
                    <field name="dateModified">2014/06/03 11:40:36-0500</field>
                    <field name="deleted">false</field>
                    <field name="synchronize">true</field>
                    <field name="anonymous">false</field>
                </field_list>
            </object>
        </object_info>
        <object_info id="O1557">
            <object class="SBlValue">
                <field_list>
                    <field name="blValueId">99</field>
                    <field name="dataTypeId">99</field>
                    <field name="objectTypeId">6007</field>
                    <field name="valueNull">true</field>
                    <field name="deleted">false</field>
                </field_list>
            </object>
            <link_list>
                <link object="O1669" reference="R1854"/>
                <link object="O1622" reference="R1854"/>
                <link object="O1565" reference="R1854"/>
                <link object="O1553" reference="R1854"/>
                <link object="O1561" reference="R1857"/>
                <link object="O1561" reference="R1870"/>
                <link object="O1559" reference="R1862"/>
            </link_list>
        </object_info>
        <object_info id="O1729">
            <object class="SDataType">
                <field_list>
                    <field name="dataTypeId">1025</field>
                    <field name="objectTypeId">5318</field>
                    <field name="deleted">false</field>
                    <field name="builtIn">true</field>
                </field_list>
            </object>
            <link_list>
                <link object="O1546" reference="R1846"/>
            </link_list>
        </object_info>
        <object_info id="O1544">
            <object class="SDataType">
                <field_list>
                    <field name="dataTypeId">2001525</field>
                    <field name="objectTypeId">5318</field>
                    <field name="deleted">false</field>
                    <field name="builtIn">false</field>
                </field_list>
            </object>
            <link_list>
                <link object="O1503" reference="R2153"/>
                <link object="O1503" reference="R2154"/>
                <link object="O1503" reference="R2155"/>
                <link object="O1503" reference="R2136"/>
                <link object="O1503" reference="R2152"/>
                <link object="O1503" reference="R2156"/>
                <link object="O1546" reference="R1836"/>
            </link_list>
        </object_info>
        <object_info id="O1546">
            <object class="SPropertySetClass">
                <field_list>
                    <field name="dataTypeId">2001525</field>
                    <field name="superTypeId">1025</field>
                    <field name="createdByRoleId">1000010</field>
                    <field name="createdByUserId">1000010</field>
                    <field name="modifiedByRoleId">1000010</field>
                    <field name="modifiedByUserId">1000010</field>
                    <field name="blAclId">2000014</field>
                    <field name="name"><![CDATA[DeployApplication-Unix]]></field>
                    <field name="description"><![CDATA[Every Depot Object is an Instance of a Subclass of this Class]]></field>
                    <field name="abstract">false</field>
                    <field name="builtIn">false</field>
                    <field name="visible">true</field>
                    <field name="deprecated">false</field>
                    <field name="dateCreated">2014/05/19 08:49:51-0500</field>
                    <field name="dateModified">2014/06/03 11:40:36-0500</field>
                    <field name="instanceTableName"><![CDATA[]]></field>
                    <field name="deleted">false</field>
                    <field name="synchronize">true</field>
                    <field name="modelObject">true</field>
                    <field name="custom">false</field>
                    <field name="extendable">true</field>
                    <field name="anonymous">false</field>
                </field_list>
            </object>
            <link_list>
                <link object="O1718" reference="R1843"/>
                <link object="O1625" reference="R1843"/>
                <link object="O1666" reference="R1843"/>
                <link object="O1626" reference="R1844"/>
                <link object="O1585" reference="R1844"/>
                <link object="O1684" reference="R1844"/>
                <link object="O1622" reference="R1844"/>
                <link object="O1620" reference="R1843"/>
                <link object="O1669" reference="R1844"/>
                <link object="O1683" reference="R1843"/>
                <link object="O1565" reference="R1844"/>
                <link object="O1583" reference="R1843"/>
                <link object="O1564" reference="R1843"/>
                <link object="O1553" reference="R1844"/>
            </link_list>
        </object_info>
        <object_info id="O1564">
            <object class="SProperty">
                <field_list>
                    <field name="propertyId">10005035</field>
                    <field name="dataTypeId">2</field>
                    <field name="classDataTypeId">2001525</field>
                    <field name="createdByRoleId">1000010</field>
                    <field name="createdByUserId">1000010</field>
                    <field name="modifiedByRoleId">1000010</field>
                    <field name="modifiedByUserId">1000010</field>
                    <field name="name"><![CDATA[TOMCAT_HOME]]></field>
                    <field name="description"><![CDATA[]]></field>
                    <field name="builtIn">false</field>
                    <field name="valueReadOnly">false</field>
                    <field name="valueRequired">false</field>
                    <field name="usedInReports">false</field>
                    <field name="deprecated">false</field>
                    <field name="dateCreated">2014/05/19 08:52:23-0500</field>
                    <field name="dateModified">2014/05/19 08:52:23-0500</field>
                    <field name="loadTypeId">1</field>
                    <field name="deleted">false</field>
                </field_list>
            </object>
            <link_list>
                <link object="O1553" reference="R1855"/>
            </link_list>
        </object_info>
        <object_info id="O1553">
            <object class="SPropertySetClassDefaultValueMap">
                <field_list>
                    <field name="dataTypeId">2001525</field>
                    <field name="propertyId">10005035</field>
                    <field name="blValueId">99</field>
                    <field name="deleted">false</field>
                </field_list>
            </object>
        </object_info>
        <object_info id="O1559">
            <object class="SPrimitiveBlValue">
                <field_list>
                    <field name="blValueId">99</field>
                    <field name="dataTypeId">99</field>
                    <field name="metaChecksumHi">99</field>
                    <field name="metaChecksumLo">99</field>
                    <field name="value"><![CDATA[]]></field>
                    <field name="deleted">false</field>
                </field_list>
            </object>
        </object_info>
        <object_info id="O1561">
            <object class="SEnumeratedBlValue">
                <field_list>
                    <field name="blValueId">99</field>
                    <field name="elementBlValueId">99</field>
                    <field name="deleted">false</field>
                    <field name="sequenceId">0</field>
                    <field name="displayName"><![CDATA[]]></field>
                    <field name="displayStringSetId">null</field>
                    <field name="enumDeprecated">false</field>
                </field_list>
            </object>
        </object_info>
        <object_info id="O1583">
            <object class="SProperty">
                <field_list>
                    <field name="propertyId">10005036</field>
                    <field name="dataTypeId">2</field>
                    <field name="classDataTypeId">2001525</field>
                    <field name="createdByRoleId">1000010</field>
                    <field name="createdByUserId">1000010</field>
                    <field name="modifiedByRoleId">1000010</field>
                    <field name="modifiedByUserId">1000010</field>
                    <field name="name"><![CDATA[DEPLOY_DIR]]></field>
                    <field name="description"><![CDATA[]]></field>
                    <field name="builtIn">false</field>
                    <field name="valueReadOnly">false</field>
                    <field name="valueRequired">false</field>
                    <field name="usedInReports">false</field>
                    <field name="deprecated">false</field>
                    <field name="dateCreated">2014/05/19 08:52:23-0500</field>
                    <field name="dateModified">2014/05/19 08:52:23-0500</field>
                    <field name="loadTypeId">1</field>
                    <field name="deleted">false</field>
                </field_list>
            </object>
            <link_list>
                <link object="O1756" reference="R1877"/>
                <link object="O1565" reference="R1855"/>
            </link_list>
        </object_info>
        <object_info id="O1565">
            <object class="SPropertySetClassDefaultValueMap">
                <field_list>
                    <field name="dataTypeId">2001525</field>
                    <field name="propertyId">10005036</field>
                    <field name="blValueId">99</field>
                    <field name="deleted">false</field>
                </field_list>
            </object>
        </object_info>
        <object_info id="O1588">
            <object class="SBlValue">
                <field_list>
                    <field name="blValueId">2058680</field>
                    <field name="dataTypeId">2</field>
                    <field name="objectTypeId">6000</field>
                    <field name="valueNull">false</field>
                    <field name="deleted">false</field>
                </field_list>
            </object>
            <link_list>
                <link object="O1585" reference="R1854"/>
                <link object="O1595" reference="R1862"/>
            </link_list>
        </object_info>
        <object_info id="O1620">
            <object class="SProperty">
                <field_list>
                    <field name="propertyId">10005069</field>
                    <field name="dataTypeId">2</field>
                    <field name="classDataTypeId">2001525</field>
                    <field name="createdByRoleId">1000010</field>
                    <field name="createdByUserId">1000010</field>
                    <field name="modifiedByRoleId">1000010</field>
                    <field name="modifiedByUserId">1000010</field>
                    <field name="name"><![CDATA[TOMCAT_USER]]></field>
                    <field name="description"><![CDATA[]]></field>
                    <field name="builtIn">false</field>
                    <field name="valueReadOnly">false</field>
                    <field name="valueRequired">false</field>
                    <field name="usedInReports">false</field>
                    <field name="deprecated">false</field>
                    <field name="dateCreated">2014/06/03 08:17:35-0500</field>
                    <field name="dateModified">2014/06/03 08:17:35-0500</field>
                    <field name="loadTypeId">1</field>
                    <field name="deleted">false</field>
                </field_list>
            </object>
            <link_list>
                <link object="O1585" reference="R1855"/>
                <link object="O1787" reference="R1877"/>
            </link_list>
        </object_info>
        <object_info id="O1585">
            <object class="SPropertySetClassDefaultValueMap">
                <field_list>
                    <field name="dataTypeId">2001525</field>
                    <field name="propertyId">10005069</field>
                    <field name="blValueId">2058680</field>
                    <field name="deleted">false</field>
                </field_list>
            </object>
        </object_info>
        <object_info id="O1595">
            <object class="SPrimitiveBlValue">
                <field_list>
                    <field name="blValueId">2058680</field>
                    <field name="dataTypeId">2</field>
                    <field name="metaChecksumHi">9181046197344525513</field>
                    <field name="metaChecksumLo">7628978878088772041</field>
                    <field name="value"><![CDATA[tomcat]]></field>
                    <field name="deleted">false</field>
                </field_list>
            </object>
        </object_info>
        <object_info id="O1625">
            <object class="SProperty">
                <field_list>
                    <field name="propertyId">10005070</field>
                    <field name="dataTypeId">2</field>
                    <field name="classDataTypeId">2001525</field>
                    <field name="createdByRoleId">1000010</field>
                    <field name="createdByUserId">1000010</field>
                    <field name="modifiedByRoleId">1000010</field>
                    <field name="modifiedByUserId">1000010</field>
                    <field name="name"><![CDATA[application]]></field>
                    <field name="description"><![CDATA[]]></field>
                    <field name="builtIn">false</field>
                    <field name="valueReadOnly">false</field>
                    <field name="valueRequired">false</field>
                    <field name="usedInReports">false</field>
                    <field name="deprecated">false</field>
                    <field name="dateCreated">2014/06/03 08:17:35-0500</field>
                    <field name="dateModified">2014/06/03 08:17:35-0500</field>
                    <field name="loadTypeId">1</field>
                    <field name="deleted">false</field>
                </field_list>
            </object>
            <link_list>
                <link object="O1622" reference="R1855"/>
                <link object="O1769" reference="R1877"/>
            </link_list>
        </object_info>
        <object_info id="O1622">
            <object class="SPropertySetClassDefaultValueMap">
                <field_list>
                    <field name="dataTypeId">2001525</field>
                    <field name="propertyId">10005070</field>
                    <field name="blValueId">99</field>
                    <field name="deleted">false</field>
                </field_list>
            </object>
        </object_info>
        <object_info id="O1666">
            <object class="SProperty">
                <field_list>
                    <field name="propertyId">10005071</field>
                    <field name="dataTypeId">1</field>
                    <field name="classDataTypeId">2001525</field>
                    <field name="createdByRoleId">1000010</field>
                    <field name="createdByUserId">1000010</field>
                    <field name="modifiedByRoleId">1000010</field>
                    <field name="modifiedByUserId">1000010</field>
                    <field name="name"><![CDATA[TOMCAT_PORT]]></field>
                    <field name="description"><![CDATA[]]></field>
                    <field name="builtIn">false</field>
                    <field name="valueReadOnly">false</field>
                    <field name="valueRequired">false</field>
                    <field name="usedInReports">false</field>
                    <field name="deprecated">false</field>
                    <field name="dateCreated">2014/06/03 08:17:35-0500</field>
                    <field name="dateModified">2014/06/03 08:17:35-0500</field>
                    <field name="loadTypeId">1</field>
                    <field name="deleted">false</field>
                </field_list>
            </object>
            <link_list>
                <link object="O1775" reference="R1877"/>
                <link object="O1626" reference="R1855"/>
            </link_list>
        </object_info>
        <object_info id="O1627">
            <object class="SBlValue">
                <field_list>
                    <field name="blValueId">2059580</field>
                    <field name="dataTypeId">1</field>
                    <field name="objectTypeId">6000</field>
                    <field name="valueNull">false</field>
                    <field name="deleted">false</field>
                </field_list>
            </object>
            <link_list>
                <link object="O1635" reference="R1862"/>
                <link object="O1626" reference="R1854"/>
            </link_list>
        </object_info>
        <object_info id="O1626">
            <object class="SPropertySetClassDefaultValueMap">
                <field_list>
                    <field name="dataTypeId">2001525</field>
                    <field name="propertyId">10005071</field>
                    <field name="blValueId">2059580</field>
                    <field name="deleted">false</field>
                </field_list>
            </object>
        </object_info>
        <object_info id="O1635">
            <object class="SPrimitiveBlValue">
                <field_list>
                    <field name="blValueId">2059580</field>
                    <field name="dataTypeId">1</field>
                    <field name="metaChecksumHi">-7732056154962196664</field>
                    <field name="metaChecksumLo">-3885895363537331400</field>
                    <field name="value"><![CDATA[8080]]></field>
                    <field name="deleted">false</field>
                </field_list>
            </object>
        </object_info>
        <object_info id="O1683">
            <object class="SProperty">
                <field_list>
                    <field name="propertyId">10005072</field>
                    <field name="dataTypeId">2</field>
                    <field name="classDataTypeId">2001525</field>
                    <field name="createdByRoleId">1000010</field>
                    <field name="createdByUserId">1000010</field>
                    <field name="modifiedByRoleId">1000010</field>
                    <field name="modifiedByUserId">1000010</field>
                    <field name="name"><![CDATA[ARCHIVE_FILE]]></field>
                    <field name="description"><![CDATA[]]></field>
                    <field name="builtIn">false</field>
                    <field name="valueReadOnly">false</field>
                    <field name="valueRequired">false</field>
                    <field name="usedInReports">false</field>
                    <field name="deprecated">false</field>
                    <field name="dateCreated">2014/06/03 08:17:35-0500</field>
                    <field name="dateModified">2014/06/03 08:17:35-0500</field>
                    <field name="loadTypeId">1</field>
                    <field name="deleted">false</field>
                </field_list>
            </object>
            <link_list>
                <link object="O1669" reference="R1855"/>
                <link object="O1763" reference="R1877"/>
            </link_list>
        </object_info>
        <object_info id="O1669">
            <object class="SPropertySetClassDefaultValueMap">
                <field_list>
                    <field name="dataTypeId">2001525</field>
                    <field name="propertyId">10005072</field>
                    <field name="blValueId">99</field>
                    <field name="deleted">false</field>
                </field_list>
            </object>
        </object_info>
        <object_info id="O1689">
            <object class="SBlValue">
                <field_list>
                    <field name="blValueId">2064980</field>
                    <field name="dataTypeId">15</field>
                    <field name="objectTypeId">6010</field>
                    <field name="valueNull">false</field>
                    <field name="deleted">false</field>
                </field_list>
            </object>
            <link_list>
                <link object="O1684" reference="R1854"/>
                <link object="O1702" reference="R1862"/>
            </link_list>
        </object_info>
        <object_info id="O1718">
            <object class="SProperty">
                <field_list>
                    <field name="propertyId">10005073</field>
                    <field name="dataTypeId">15</field>
                    <field name="classDataTypeId">2001525</field>
                    <field name="createdByRoleId">1000010</field>
                    <field name="createdByUserId">1000010</field>
                    <field name="modifiedByRoleId">1000010</field>
                    <field name="modifiedByUserId">1000010</field>
                    <field name="name"><![CDATA[TOMCAT_PASSWORD]]></field>
                    <field name="description"><![CDATA[]]></field>
                    <field name="builtIn">false</field>
                    <field name="valueReadOnly">false</field>
                    <field name="valueRequired">false</field>
                    <field name="usedInReports">false</field>
                    <field name="deprecated">false</field>
                    <field name="dateCreated">2014/06/03 08:17:35-0500</field>
                    <field name="dateModified">2014/06/03 08:17:35-0500</field>
                    <field name="loadTypeId">1</field>
                    <field name="deleted">false</field>
                </field_list>
            </object>
            <link_list>
                <link object="O1684" reference="R1855"/>
                <link object="O1781" reference="R1877"/>
            </link_list>
        </object_info>
        <object_info id="O1684">
            <object class="SPropertySetClassDefaultValueMap">
                <field_list>
                    <field name="dataTypeId">2001525</field>
                    <field name="propertyId">10005073</field>
                    <field name="blValueId">2064980</field>
                    <field name="deleted">false</field>
                </field_list>
            </object>
        </object_info>
        <object_info id="O1702">
            <object class="SPrimitiveBlValue">
                <field_list>
                    <field name="blValueId">2064980</field>
                    <field name="dataTypeId">15</field>
                    <field name="metaChecksumHi">7060360627346477755</field>
                    <field name="metaChecksumLo">2547562984359036329</field>
                    <field name="value"><![CDATA[XMMQMPMBAVWAEQOOZKOAUXAVQAZWVQEZUEWQXUZEPPKLTEWNELEQNBXBKZNTLNUA]]></field>
                    <field name="deleted">false</field>
                </field_list>
            </object>
        </object_info>
        <object_info id="O1503">
            <object class="SDepotObject">
                <field_list>
                    <field name="depotObjectId">207</field>
                    <field name="depotObjectVersionId">1</field>
                    <field name="blValueId">2064639</field>
                    <field name="guid">9c8a87f8-1b12-4049-9bba-01421f0f7c16</field>
                    <field name="groupId">2000203</field>
                    <field name="objectTypeId">28</field>
                    <field name="createdByRoleId">1000010</field>
                    <field name="createdByUserId">1000010</field>
                    <field name="modifiedByRoleId">1000010</field>
                    <field name="modifiedByUserId">1000010</field>
                    <field name="blAclId">2000015</field>
                    <field name="dataTypeId">2001525</field>
                    <field name="name"><![CDATA[DeployApplication-Unix]]></field>
                    <field name="description"><![CDATA[]]></field>
                    <field name="lockedByUserId">0</field>
                    <field name="savedExplicitly">true</field>
                    <field name="errors">false</field>
                    <field name="warnings">false</field>
                    <field name="latestVersion">true</field>
                    <field name="dateCreated">2014/05/19 08:49:51-0500</field>
                    <field name="dateModified">2014/06/03 11:40:36-0500</field>
                    <field name="deleted">false</field>
                </field_list>
            </object>
            <link_list>
                <link object="O1790" reference="R2183"/>
                <link object="O1790" reference="R2138"/>
                <link object="O1760" reference="R2139"/>
                <link object="O1751" reference="R2139"/>
                <link object="O1766" reference="R2139"/>
                <link object="O1784" reference="R2139"/>
                <link object="O1772" reference="R2139"/>
                <link object="O1778" reference="R2139"/>
            </link_list>
        </object_info>
        <object_info id="O1752">
            <object class="SBlValue">
                <field_list>
                    <field name="blValueId">2065073</field>
                    <field name="dataTypeId">2</field>
                    <field name="objectTypeId">6005</field>
                    <field name="valueNull">false</field>
                    <field name="deleted">false</field>
                </field_list>
            </object>
            <link_list>
                <link object="O1755" reference="R1861"/>
                <link object="O1755" reference="R1863"/>
                <link object="O1751" reference="R2188"/>
            </link_list>
        </object_info>
        <object_info id="O1751">
            <object class="SBlPackagePropertyReference">
                <field_list>
                    <field name="depotObjectId">207</field>
                    <field name="depotObjectVersionId">1</field>
                    <field name="sequenceId">0</field>
                    <field name="blValueId">2065073</field>
                    <field name="deleted">false</field>
                </field_list>
            </object>
        </object_info>
        <object_info id="O1755">
            <object class="SPropertyReference">
                <field_list>
                    <field name="blValueId">2065073</field>
                    <field name="referencePath"><![CDATA[]]></field>
                    <field name="deleted">false</field>
                </field_list>
            </object>
            <link_list>
                <link object="O1756" reference="R1875"/>
            </link_list>
        </object_info>
        <object_info id="O1756">
            <object class="SPropertyReferenceProperty">
                <field_list>
                    <field name="blValueId">2065073</field>
                    <field name="sequenceId">0</field>
                    <field name="propertyId">10005036</field>
                    <field name="deleted">false</field>
                </field_list>
            </object>
        </object_info>
        <object_info id="O1761">
            <object class="SBlValue">
                <field_list>
                    <field name="blValueId">2065074</field>
                    <field name="dataTypeId">2</field>
                    <field name="objectTypeId">6005</field>
                    <field name="valueNull">false</field>
                    <field name="deleted">false</field>
                </field_list>
            </object>
            <link_list>
                <link object="O1762" reference="R1861"/>
                <link object="O1762" reference="R1863"/>
                <link object="O1760" reference="R2188"/>
            </link_list>
        </object_info>
        <object_info id="O1760">
            <object class="SBlPackagePropertyReference">
                <field_list>
                    <field name="depotObjectId">207</field>
                    <field name="depotObjectVersionId">1</field>
                    <field name="sequenceId">1</field>
                    <field name="blValueId">2065074</field>
                    <field name="deleted">false</field>
                </field_list>
            </object>
        </object_info>
        <object_info id="O1762">
            <object class="SPropertyReference">
                <field_list>
                    <field name="blValueId">2065074</field>
                    <field name="referencePath"><![CDATA[]]></field>
                    <field name="deleted">false</field>
                </field_list>
            </object>
            <link_list>
                <link object="O1763" reference="R1875"/>
            </link_list>
        </object_info>
        <object_info id="O1763">
            <object class="SPropertyReferenceProperty">
                <field_list>
                    <field name="blValueId">2065074</field>
                    <field name="sequenceId">0</field>
                    <field name="propertyId">10005072</field>
                    <field name="deleted">false</field>
                </field_list>
            </object>
        </object_info>
        <object_info id="O1767">
            <object class="SBlValue">
                <field_list>
                    <field name="blValueId">2065075</field>
                    <field name="dataTypeId">2</field>
                    <field name="objectTypeId">6005</field>
                    <field name="valueNull">false</field>
                    <field name="deleted">false</field>
                </field_list>
            </object>
            <link_list>
                <link object="O1768" reference="R1861"/>
                <link object="O1768" reference="R1863"/>
                <link object="O1766" reference="R2188"/>
            </link_list>
        </object_info>
        <object_info id="O1766">
            <object class="SBlPackagePropertyReference">
                <field_list>
                    <field name="depotObjectId">207</field>
                    <field name="depotObjectVersionId">1</field>
                    <field name="sequenceId">2</field>
                    <field name="blValueId">2065075</field>
                    <field name="deleted">false</field>
                </field_list>
            </object>
        </object_info>
        <object_info id="O1768">
            <object class="SPropertyReference">
                <field_list>
                    <field name="blValueId">2065075</field>
                    <field name="referencePath"><![CDATA[]]></field>
                    <field name="deleted">false</field>
                </field_list>
            </object>
            <link_list>
                <link object="O1769" reference="R1875"/>
            </link_list>
        </object_info>
        <object_info id="O1769">
            <object class="SPropertyReferenceProperty">
                <field_list>
                    <field name="blValueId">2065075</field>
                    <field name="sequenceId">0</field>
                    <field name="propertyId">10005070</field>
                    <field name="deleted">false</field>
                </field_list>
            </object>
        </object_info>
        <object_info id="O1773">
            <object class="SBlValue">
                <field_list>
                    <field name="blValueId">2065076</field>
                    <field name="dataTypeId">1</field>
                    <field name="objectTypeId">6005</field>
                    <field name="valueNull">false</field>
                    <field name="deleted">false</field>
                </field_list>
            </object>
            <link_list>
                <link object="O1774" reference="R1861"/>
                <link object="O1774" reference="R1863"/>
                <link object="O1772" reference="R2188"/>
            </link_list>
        </object_info>
        <object_info id="O1772">
            <object class="SBlPackagePropertyReference">
                <field_list>
                    <field name="depotObjectId">207</field>
                    <field name="depotObjectVersionId">1</field>
                    <field name="sequenceId">3</field>
                    <field name="blValueId">2065076</field>
                    <field name="deleted">false</field>
                </field_list>
            </object>
        </object_info>
        <object_info id="O1774">
            <object class="SPropertyReference">
                <field_list>
                    <field name="blValueId">2065076</field>
                    <field name="referencePath"><![CDATA[]]></field>
                    <field name="deleted">false</field>
                </field_list>
            </object>
            <link_list>
                <link object="O1775" reference="R1875"/>
            </link_list>
        </object_info>
        <object_info id="O1775">
            <object class="SPropertyReferenceProperty">
                <field_list>
                    <field name="blValueId">2065076</field>
                    <field name="sequenceId">0</field>
                    <field name="propertyId">10005071</field>
                    <field name="deleted">false</field>
                </field_list>
            </object>
        </object_info>
        <object_info id="O1779">
            <object class="SBlValue">
                <field_list>
                    <field name="blValueId">2065077</field>
                    <field name="dataTypeId">15</field>
                    <field name="objectTypeId">6005</field>
                    <field name="valueNull">false</field>
                    <field name="deleted">false</field>
                </field_list>
            </object>
            <link_list>
                <link object="O1780" reference="R1861"/>
                <link object="O1780" reference="R1863"/>
                <link object="O1778" reference="R2188"/>
            </link_list>
        </object_info>
        <object_info id="O1778">
            <object class="SBlPackagePropertyReference">
                <field_list>
                    <field name="depotObjectId">207</field>
                    <field name="depotObjectVersionId">1</field>
                    <field name="sequenceId">4</field>
                    <field name="blValueId">2065077</field>
                    <field name="deleted">false</field>
                </field_list>
            </object>
        </object_info>
        <object_info id="O1780">
            <object class="SPropertyReference">
                <field_list>
                    <field name="blValueId">2065077</field>
                    <field name="referencePath"><![CDATA[]]></field>
                    <field name="deleted">false</field>
                </field_list>
            </object>
            <link_list>
                <link object="O1781" reference="R1875"/>
            </link_list>
        </object_info>
        <object_info id="O1781">
            <object class="SPropertyReferenceProperty">
                <field_list>
                    <field name="blValueId">2065077</field>
                    <field name="sequenceId">0</field>
                    <field name="propertyId">10005073</field>
                    <field name="deleted">false</field>
                </field_list>
            </object>
        </object_info>
        <object_info id="O1785">
            <object class="SBlValue">
                <field_list>
                    <field name="blValueId">2065078</field>
                    <field name="dataTypeId">2</field>
                    <field name="objectTypeId">6005</field>
                    <field name="valueNull">false</field>
                    <field name="deleted">false</field>
                </field_list>
            </object>
            <link_list>
                <link object="O1786" reference="R1861"/>
                <link object="O1786" reference="R1863"/>
                <link object="O1784" reference="R2188"/>
            </link_list>
        </object_info>
        <object_info id="O1784">
            <object class="SBlPackagePropertyReference">
                <field_list>
                    <field name="depotObjectId">207</field>
                    <field name="depotObjectVersionId">1</field>
                    <field name="sequenceId">5</field>
                    <field name="blValueId">2065078</field>
                    <field name="deleted">false</field>
                </field_list>
            </object>
        </object_info>
        <object_info id="O1786">
            <object class="SPropertyReference">
                <field_list>
                    <field name="blValueId">2065078</field>
                    <field name="referencePath"><![CDATA[]]></field>
                    <field name="deleted">false</field>
                </field_list>
            </object>
            <link_list>
                <link object="O1787" reference="R1875"/>
            </link_list>
        </object_info>
        <object_info id="O1787">
            <object class="SPropertyReferenceProperty">
                <field_list>
                    <field name="blValueId">2065078</field>
                    <field name="sequenceId">0</field>
                    <field name="propertyId">10005069</field>
                    <field name="deleted">false</field>
                </field_list>
            </object>
        </object_info>
        <object_info id="O1790">
            <object class="SDepotObjectLocation">
                <field_list>
                    <field name="depotObjectLocationId">170</field>
                    <field name="depotObjectId">207</field>
                    <field name="depotObjectVersionId">1</field>
                    <field name="depotObjectLocationTypeId">0</field>
                    <field name="fileLocationId">414</field>
                    <field name="blfileId">null</field>
                    <field name="remotePath"><![CDATA[]]></field>
                    <field name="remotePathParameterized">false</field>
                    <field name="deleted">false</field>
                </field_list>
            </object>
        </object_info>
        <object_info id="O1791">
            <object class="SFileLocation">
                <field_list>
                    <field name="fileLocationId">414</field>
                    <field name="fileServerId">1</field>
                    <field name="relativePath"><![CDATA[blpackages/e159c0a2-418a-4f7b-9b74-8b58be597b37]]></field>
                    <field name="deleted">false</field>
                </field_list>
            </object>
        </object_info>
    </object_list>
</model_object_graph>
