<?xml version="1.0" encoding="UTF-8"?>
<!DOCTYPE model_object_graph SYSTEM "file://bladelogic.com/dtds/BLObjectGraph_v01.dtd">
<model_object_graph blmodel_version="8.5">
    <source_key>DBKey:SDepotObjectKeyImpl:207-1</source_key>
    <exclude_list>
        <exclude_type>600</exclude_type>
    </exclude_list>
    <relationship_list>
        <reference FK="true" id="R2154" local_id="5"
            source="SDepotObject" target="SDataType" type="dependency">
            <field_map_list>
                <field_map>
                    <local_field_name>dataTypeId</local_field_name>
                    <target_field_name>dataTypeId</target_field_name>
                </field_map>
            </field_map_list>
        </reference>
        <reference FK="true" id="R2156" local_id="2"
            source="SDepotObject" target="SDataType" type="dependency">
            <field_map_list>
                <field_map>
                    <local_field_name>dataTypeId</local_field_name>
                    <target_field_name>dataTypeId</target_field_name>
                </field_map>
            </field_map_list>
        </reference>
        <reference FK="true" id="R2125" source="SDepotObject"
            target="SDataType" type="external_part">
            <field_map_list>
                <field_map>
                    <local_field_name>dataTypeId</local_field_name>
                    <target_field_name>dataTypeId</target_field_name>
                </field_map>
            </field_map_list>
        </reference>
        <reference FK="true" id="R2152" local_id="1"
            source="SDepotObject" target="SDataType" type="dependency">
            <field_map_list>
                <field_map>
                    <local_field_name>dataTypeId</local_field_name>
                    <target_field_name>dataTypeId</target_field_name>
                </field_map>
            </field_map_list>
        </reference>
        <reference FK="true" id="R2151" local_id="4"
            source="SDepotObject" target="SDataType" type="dependency">
            <field_map_list>
                <field_map>
                    <local_field_name>dataTypeId</local_field_name>
                    <target_field_name>dataTypeId</target_field_name>
                </field_map>
            </field_map_list>
        </reference>
        <reference FK="true" id="R2155" local_id="3"
            source="SDepotObject" target="SDataType" type="dependency">
            <field_map_list>
                <field_map>
                    <local_field_name>dataTypeId</local_field_name>
                    <target_field_name>dataTypeId</target_field_name>
                </field_map>
            </field_map_list>
        </reference>
        <reference FK="true" id="R2143" source="SDepotObject"
            target="SBlValue" type="external_part">
            <field_map_list>
                <field_map>
                    <local_field_name>blValueId</local_field_name>
                    <target_field_name>blValueId</target_field_name>
                </field_map>
            </field_map_list>
        </reference>
        <reference FK="true" id="R1846" source="SPropertySetClass"
            target="SDataType" type="dependency">
            <field_map_list>
                <field_map>
                    <local_field_name>superTypeId</local_field_name>
                    <target_field_name>dataTypeId</target_field_name>
                </field_map>
            </field_map_list>
        </reference>
        <reference FK="false" id="R1836" source="SPropertySetClass"
            target="SDataType" type="external_part">
            <field_map_list>
                <field_map>
                    <local_field_name>dataTypeId</local_field_name>
                    <target_field_name>dataTypeId</target_field_name>
                </field_map>
            </field_map_list>
        </reference>
        <reference FK="false" id="R1843" source="SProperty"
            target="SPropertySetClass" type="external_part">
            <field_map_list>
                <field_map>
                    <local_field_name>classDataTypeId</local_field_name>
                    <target_field_name>dataTypeId</target_field_name>
                </field_map>
            </field_map_list>
        </reference>
        <reference FK="true" id="R1855"
            source="SPropertySetClassDefaultValueMap" target="SProperty" type="dependency">
            <field_map_list>
                <field_map>
                    <local_field_name>propertyId</local_field_name>
                    <target_field_name>propertyId</target_field_name>
                </field_map>
            </field_map_list>
        </reference>
        <reference FK="true" id="R1854"
            source="SPropertySetClassDefaultValueMap" target="SBlValue" type="dependency">
            <field_map_list>
                <field_map>
                    <local_field_name>blValueId</local_field_name>
                    <target_field_name>blValueId</target_field_name>
                </field_map>
            </field_map_list>
        </reference>
        <reference FK="false" id="R1844"
            source="SPropertySetClassDefaultValueMap"
            target="SPropertySetClass" type="external_part">
            <field_map_list>
                <field_map>
                    <local_field_name>dataTypeId</local_field_name>
                    <target_field_name>dataTypeId</target_field_name>
                </field_map>
            </field_map_list>
        </reference>
        <reference FK="false" id="R1860" source="SPrimitiveBlValue"
            target="SBlValue" type="external_part">
            <field_map_list>
                <field_map>
                    <local_field_name>blValueId</local_field_name>
                    <target_field_name>blValueId</target_field_name>
                </field_map>
            </field_map_list>
        </reference>
        <reference FK="true" id="R1870" source="SEnumeratedBlValue"
            target="SBlValue" type="dependency">
            <field_map_list>
                <field_map>
                    <local_field_name>elementBlValueId</local_field_name>
                    <target_field_name>blValueId</target_field_name>
                </field_map>
            </field_map_list>
        </reference>
        <reference FK="false" id="R1862" source="SEnumeratedBlValue"
            target="SBlValue" type="external_part">
            <field_map_list>
                <field_map>
                    <local_field_name>blValueId</local_field_name>
                    <target_field_name>blValueId</target_field_name>
                </field_map>
            </field_map_list>
        </reference>
        <reference FK="true" id="R2187" local_id="1"
            source="SBlPackagePropertyReference" target="SBlValue" type="external_part">
            <field_map_list>
                <field_map>
                    <local_field_name>blValueId</local_field_name>
                    <target_field_name>blValueId</target_field_name>
                </field_map>
            </field_map_list>
        </reference>
        <reference FK="false" id="R2138"
            source="SBlPackagePropertyReference" target="SDepotObject" type="external_part">
            <field_map_list>
                <field_map>
                    <local_field_name>depotObjectId</local_field_name>
                    <target_field_name>depotObjectId</target_field_name>
                </field_map>
                <field_map>
                    <local_field_name>depotObjectVersionId</local_field_name>
                    <target_field_name>depotObjectVersionId</target_field_name>
                </field_map>
            </field_map_list>
        </reference>
        <reference FK="false" id="R1857" local_id="1"
            source="SPropertyReference" target="SBlValue" type="external_part">
            <field_map_list>
                <field_map>
                    <local_field_name>blValueId</local_field_name>
                    <target_field_name>blValueId</target_field_name>
                </field_map>
            </field_map_list>
        </reference>
        <reference FK="false" id="R1861" local_id="2"
            source="SPropertyReference" target="SBlValue" type="external_part">
            <field_map_list>
                <field_map>
                    <local_field_name>blValueId</local_field_name>
                    <target_field_name>blValueId</target_field_name>
                </field_map>
            </field_map_list>
        </reference>
        <reference FK="true" id="R1877"
            source="SPropertyReferenceProperty" target="SProperty" type="dependency">
            <field_map_list>
                <field_map>
                    <local_field_name>propertyId</local_field_name>
                    <target_field_name>propertyId</target_field_name>
                </field_map>
            </field_map_list>
        </reference>
        <reference FK="false" id="R1875"
            source="SPropertyReferenceProperty"
            target="SPropertyReference" type="external_part">
            <field_map_list>
                <field_map>
                    <local_field_name>blValueId</local_field_name>
                    <target_field_name>blValueId</target_field_name>
                </field_map>
            </field_map_list>
        </reference>
        <reference FK="true" id="R2183" source="SDepotObjectLocation"
            target="SDepotObject" type="dependency">
            <field_map_list>
                <field_map>
                    <local_field_name>depotObjectId</local_field_name>
                    <target_field_name>depotObjectId</target_field_name>
                </field_map>
                <field_map>
                    <local_field_name>depotObjectVersionId</local_field_name>
                    <target_field_name>depotObjectVersionId</target_field_name>
                </field_map>
            </field_map_list>
        </reference>
        <reference FK="false" id="R2137" source="SDepotObjectLocation"
            target="SDepotObject" type="external_part">
            <field_map_list>
                <field_map>
                    <local_field_name>depotObjectId</local_field_name>
                    <target_field_name>depotObjectId</target_field_name>
                </field_map>
                <field_map>
                    <local_field_name>depotObjectVersionId</local_field_name>
                    <target_field_name>depotObjectVersionId</target_field_name>
                </field_map>
            </field_map_list>
        </reference>
        <reference FK="false" id="R1858" source="SPropertySetInstance"
            target="SBlValue" type="external_part">
            <field_map_list>
                <field_map>
                    <local_field_name>blValueId</local_field_name>
                    <target_field_name>blValueId</target_field_name>
                </field_map>
            </field_map_list>
        </reference>
    </relationship_list>
    <object_list>
        <object_info id="O584">
            <object class="SDataType">
                <field_list>
                    <field name="dataTypeId">1025</field>
                    <field name="objectTypeId">5318</field>
                    <field name="deleted">false</field>
                    <field name="builtIn">true</field>
                </field_list>
            </object>
            <link_list>
                <link object="O574" reference="R1846"/>
            </link_list>
        </object_info>
        <object_info id="O573">
            <object class="SDataType">
                <field_list>
                    <field name="dataTypeId">2001525</field>
                    <field name="objectTypeId">5318</field>
                    <field name="deleted">false</field>
                    <field name="builtIn">false</field>
                </field_list>
            </object>
            <link_list>
                <link object="O572" reference="R2154"/>
                <link object="O572" reference="R2156"/>
                <link object="O572" reference="R2125"/>
                <link object="O572" reference="R2152"/>
                <link object="O572" reference="R2151"/>
                <link object="O572" reference="R2155"/>
                <link object="O574" reference="R1836"/>
            </link_list>
        </object_info>
        <object_info id="O574">
            <object class="SPropertySetClass">
                <field_list>
                    <field name="dataTypeId">2001525</field>
                    <field name="superTypeId">1025</field>
                    <field name="createdByRoleId">1000010</field>
                    <field name="createdByUserId">1000010</field>
                    <field name="modifiedByRoleId">1000010</field>
                    <field name="modifiedByUserId">1000010</field>
                    <field name="blAclId">2000014</field>
                    <field name="name"><![CDATA[DeployApplication-Unix]]></field>
                    <field name="description"><![CDATA[Every Depot Object is an Instance of a Subclass of this Class]]></field>
                    <field name="abstract">false</field>
                    <field name="builtIn">false</field>
                    <field name="visible">true</field>
                    <field name="deprecated">false</field>
                    <field name="dateCreated">2014/05/19 08:49:51-0500</field>
                    <field name="dateModified">2014/07/10 08:09:31-0500</field>
                    <field name="instanceTableName"><![CDATA[]]></field>
                    <field name="deleted">false</field>
                    <field name="synchronize">true</field>
                    <field name="modelObject">true</field>
                    <field name="custom">false</field>
                    <field name="extendable">true</field>
                    <field name="anonymous">false</field>
                </field_list>
            </object>
            <link_list>
                <link object="O579" reference="R1843"/>
                <link object="O602" reference="R1844"/>
                <link object="O581" reference="R1843"/>
                <link object="O595" reference="R1844"/>
                <link object="O582" reference="R1843"/>
                <link object="O591" reference="R1844"/>
                <link object="O583" reference="R1843"/>
                <link object="O598" reference="R1844"/>
                <link object="O580" reference="R1843"/>
                <link object="O576" reference="R1843"/>
                <link object="O605" reference="R1844"/>
                <link object="O585" reference="R1844"/>
            </link_list>
        </object_info>
        <object_info id="O576">
            <object class="SProperty">
                <field_list>
                    <field name="propertyId">10005036</field>
                    <field name="dataTypeId">2</field>
                    <field name="classDataTypeId">2001525</field>
                    <field name="createdByRoleId">1000010</field>
                    <field name="createdByUserId">1000010</field>
                    <field name="modifiedByRoleId">1000010</field>
                    <field name="modifiedByUserId">1000010</field>
                    <field name="name"><![CDATA[DEPLOY_DIR]]></field>
                    <field name="description"><![CDATA[Staging directory where archive file may be deployed, can be useless, depend of target and automation cycle]]></field>
                    <field name="builtIn">false</field>
                    <field name="valueReadOnly">false</field>
                    <field name="valueRequired">false</field>
                    <field name="usedInReports">false</field>
                    <field name="deprecated">false</field>
                    <field name="dateCreated">2014/05/19 08:52:23-0500</field>
                    <field name="dateModified">2014/07/10 05:26:54-0500</field>
                    <field name="loadTypeId">1</field>
                    <field name="deleted">false</field>
                </field_list>
            </object>
            <link_list>
                <link object="O617" reference="R1877"/>
                <link object="O585" reference="R1855"/>
            </link_list>
        </object_info>
        <object_info id="O586">
            <object class="SBlValue">
                <field_list>
                    <field name="blValueId">99</field>
                    <field name="dataTypeId">99</field>
                    <field name="objectTypeId">6007</field>
                    <field name="valueNull">true</field>
                    <field name="deleted">false</field>
                </field_list>
            </object>
            <link_list>
                <link object="O587" reference="R1860"/>
                <link object="O595" reference="R1854"/>
                <link object="O585" reference="R1854"/>
                <link object="O588" reference="R1870"/>
                <link object="O588" reference="R1862"/>
                <link object="O602" reference="R1854"/>
            </link_list>
        </object_info>
        <object_info id="O585">
            <object class="SPropertySetClassDefaultValueMap">
                <field_list>
                    <field name="dataTypeId">2001525</field>
                    <field name="propertyId">10005036</field>
                    <field name="blValueId">99</field>
                    <field name="deleted">false</field>
                </field_list>
            </object>
        </object_info>
        <object_info id="O587">
            <object class="SPrimitiveBlValue">
                <field_list>
                    <field name="blValueId">99</field>
                    <field name="dataTypeId">99</field>
                    <field name="metaChecksumHi">99</field>
                    <field name="metaChecksumLo">99</field>
                    <field name="value"><![CDATA[]]></field>
                    <field name="deleted">false</field>
                </field_list>
            </object>
        </object_info>
        <object_info id="O588">
            <object class="SEnumeratedBlValue">
                <field_list>
                    <field name="blValueId">99</field>
                    <field name="elementBlValueId">99</field>
                    <field name="deleted">false</field>
                    <field name="sequenceId">0</field>
                    <field name="displayName"><![CDATA[]]></field>
                    <field name="displayStringSetId">null</field>
                    <field name="enumDeprecated">false</field>
                </field_list>
            </object>
        </object_info>
        <object_info id="O592">
            <object class="SBlValue">
                <field_list>
                    <field name="blValueId">2058680</field>
                    <field name="dataTypeId">2</field>
                    <field name="objectTypeId">6000</field>
                    <field name="valueNull">false</field>
                    <field name="deleted">false</field>
                </field_list>
            </object>
            <link_list>
                <link object="O591" reference="R1854"/>
                <link object="O593" reference="R1860"/>
            </link_list>
        </object_info>
        <object_info id="O579">
            <object class="SProperty">
                <field_list>
                    <field name="propertyId">10005069</field>
                    <field name="dataTypeId">2</field>
                    <field name="classDataTypeId">2001525</field>
                    <field name="createdByRoleId">1000010</field>
                    <field name="createdByUserId">1000010</field>
                    <field name="modifiedByRoleId">1000010</field>
                    <field name="modifiedByUserId">1000010</field>
                    <field name="name"><![CDATA[TOMCAT_USER]]></field>
                    <field name="description"><![CDATA[Tomcat user with management right and deployment right]]></field>
                    <field name="builtIn">false</field>
                    <field name="valueReadOnly">false</field>
                    <field name="valueRequired">false</field>
                    <field name="usedInReports">false</field>
                    <field name="deprecated">false</field>
                    <field name="dateCreated">2014/06/03 08:17:35-0500</field>
                    <field name="dateModified">2014/07/10 05:26:54-0500</field>
                    <field name="loadTypeId">1</field>
                    <field name="deleted">false</field>
                </field_list>
            </object>
            <link_list>
                <link object="O647" reference="R1877"/>
                <link object="O591" reference="R1855"/>
            </link_list>
        </object_info>
        <object_info id="O591">
            <object class="SPropertySetClassDefaultValueMap">
                <field_list>
                    <field name="dataTypeId">2001525</field>
                    <field name="propertyId">10005069</field>
                    <field name="blValueId">2058680</field>
                    <field name="deleted">false</field>
                </field_list>
            </object>
        </object_info>
        <object_info id="O593">
            <object class="SPrimitiveBlValue">
                <field_list>
                    <field name="blValueId">2058680</field>
                    <field name="dataTypeId">2</field>
                    <field name="metaChecksumHi">9181046197344525513</field>
                    <field name="metaChecksumLo">7628978878088772041</field>
                    <field name="value"><![CDATA[tomcat]]></field>
                    <field name="deleted">false</field>
                </field_list>
            </object>
        </object_info>
        <object_info id="O580">
            <object class="SProperty">
                <field_list>
                    <field name="propertyId">10005070</field>
                    <field name="dataTypeId">2</field>
                    <field name="classDataTypeId">2001525</field>
                    <field name="createdByRoleId">1000010</field>
                    <field name="createdByUserId">1000010</field>
                    <field name="modifiedByRoleId">1000010</field>
                    <field name="modifiedByUserId">1000010</field>
                    <field name="name"><![CDATA[application]]></field>
                    <field name="description"><![CDATA[Name to give to the application and define root url for application: ip:port/application]]></field>
                    <field name="builtIn">false</field>
                    <field name="valueReadOnly">false</field>
                    <field name="valueRequired">false</field>
                    <field name="usedInReports">false</field>
                    <field name="deprecated">false</field>
                    <field name="dateCreated">2014/06/03 08:17:35-0500</field>
                    <field name="dateModified">2014/07/10 05:26:54-0500</field>
                    <field name="loadTypeId">1</field>
                    <field name="deleted">false</field>
                </field_list>
            </object>
            <link_list>
                <link object="O629" reference="R1877"/>
                <link object="O595" reference="R1855"/>
            </link_list>
        </object_info>
        <object_info id="O595">
            <object class="SPropertySetClassDefaultValueMap">
                <field_list>
                    <field name="dataTypeId">2001525</field>
                    <field name="propertyId">10005070</field>
                    <field name="blValueId">99</field>
                    <field name="deleted">false</field>
                </field_list>
            </object>
        </object_info>
        <object_info id="O581">
            <object class="SProperty">
                <field_list>
                    <field name="propertyId">10005071</field>
                    <field name="dataTypeId">1</field>
                    <field name="classDataTypeId">2001525</field>
                    <field name="createdByRoleId">1000010</field>
                    <field name="createdByUserId">1000010</field>
                    <field name="modifiedByRoleId">1000010</field>
                    <field name="modifiedByUserId">1000010</field>
                    <field name="name"><![CDATA[TOMCAT_PORT]]></field>
                    <field name="description"><![CDATA[This is the port where Apache Tomcat listen for the HTTP requests]]></field>
                    <field name="builtIn">false</field>
                    <field name="valueReadOnly">false</field>
                    <field name="valueRequired">false</field>
                    <field name="usedInReports">false</field>
                    <field name="deprecated">false</field>
                    <field name="dateCreated">2014/06/03 08:17:35-0500</field>
                    <field name="dateModified">2014/07/10 05:26:54-0500</field>
                    <field name="loadTypeId">1</field>
                    <field name="deleted">false</field>
                </field_list>
            </object>
            <link_list>
                <link object="O598" reference="R1855"/>
                <link object="O635" reference="R1877"/>
            </link_list>
        </object_info>
        <object_info id="O599">
            <object class="SBlValue">
                <field_list>
                    <field name="blValueId">2059580</field>
                    <field name="dataTypeId">1</field>
                    <field name="objectTypeId">6000</field>
                    <field name="valueNull">false</field>
                    <field name="deleted">false</field>
                </field_list>
            </object>
            <link_list>
                <link object="O598" reference="R1854"/>
                <link object="O600" reference="R1860"/>
            </link_list>
        </object_info>
        <object_info id="O598">
            <object class="SPropertySetClassDefaultValueMap">
                <field_list>
                    <field name="dataTypeId">2001525</field>
                    <field name="propertyId">10005071</field>
                    <field name="blValueId">2059580</field>
                    <field name="deleted">false</field>
                </field_list>
            </object>
        </object_info>
        <object_info id="O600">
            <object class="SPrimitiveBlValue">
                <field_list>
                    <field name="blValueId">2059580</field>
                    <field name="dataTypeId">1</field>
                    <field name="metaChecksumHi">-7732056154962196664</field>
                    <field name="metaChecksumLo">-3885895363537331400</field>
                    <field name="value"><![CDATA[8080]]></field>
                    <field name="deleted">false</field>
                </field_list>
            </object>
        </object_info>
        <object_info id="O582">
            <object class="SProperty">
                <field_list>
                    <field name="propertyId">10005072</field>
                    <field name="dataTypeId">2</field>
                    <field name="classDataTypeId">2001525</field>
                    <field name="createdByRoleId">1000010</field>
                    <field name="createdByUserId">1000010</field>
                    <field name="modifiedByRoleId">1000010</field>
                    <field name="modifiedByUserId">1000010</field>
                    <field name="name"><![CDATA[ARCHIVE_FILE]]></field>
                    <field name="description"><![CDATA[Archive file full path file name. If it starts by . , then path is relative to DEPLOY_DIR]]></field>
                    <field name="builtIn">false</field>
                    <field name="valueReadOnly">false</field>
                    <field name="valueRequired">false</field>
                    <field name="usedInReports">false</field>
                    <field name="deprecated">false</field>
                    <field name="dateCreated">2014/06/03 08:17:35-0500</field>
                    <field name="dateModified">2014/07/10 05:26:54-0500</field>
                    <field name="loadTypeId">1</field>
                    <field name="deleted">false</field>
                </field_list>
            </object>
            <link_list>
                <link object="O602" reference="R1855"/>
                <link object="O623" reference="R1877"/>
            </link_list>
        </object_info>
        <object_info id="O602">
            <object class="SPropertySetClassDefaultValueMap">
                <field_list>
                    <field name="dataTypeId">2001525</field>
                    <field name="propertyId">10005072</field>
                    <field name="blValueId">99</field>
                    <field name="deleted">false</field>
                </field_list>
            </object>
        </object_info>
        <object_info id="O583">
            <object class="SProperty">
                <field_list>
                    <field name="propertyId">10005073</field>
                    <field name="dataTypeId">15</field>
                    <field name="classDataTypeId">2001525</field>
                    <field name="createdByRoleId">1000010</field>
                    <field name="createdByUserId">1000010</field>
                    <field name="modifiedByRoleId">1000010</field>
                    <field name="modifiedByUserId">1000010</field>
                    <field name="name"><![CDATA[TOMCAT_PASSWORD]]></field>
                    <field name="description"><![CDATA[Password of the tomcat user defined in TOMCAT_USER property]]></field>
                    <field name="builtIn">false</field>
                    <field name="valueReadOnly">false</field>
                    <field name="valueRequired">false</field>
                    <field name="usedInReports">false</field>
                    <field name="deprecated">false</field>
                    <field name="dateCreated">2014/06/03 08:17:35-0500</field>
                    <field name="dateModified">2014/07/10 05:26:54-0500</field>
                    <field name="loadTypeId">1</field>
                    <field name="deleted">false</field>
                </field_list>
            </object>
            <link_list>
                <link object="O605" reference="R1855"/>
                <link object="O641" reference="R1877"/>
            </link_list>
        </object_info>
        <object_info id="O606">
            <object class="SBlValue">
                <field_list>
                    <field name="blValueId">2072575</field>
                    <field name="dataTypeId">15</field>
                    <field name="objectTypeId">6010</field>
                    <field name="valueNull">false</field>
                    <field name="deleted">false</field>
                </field_list>
            </object>
            <link_list>
                <link object="O607" reference="R1860"/>
                <link object="O605" reference="R1854"/>
            </link_list>
        </object_info>
        <object_info id="O605">
            <object class="SPropertySetClassDefaultValueMap">
                <field_list>
                    <field name="dataTypeId">2001525</field>
                    <field name="propertyId">10005073</field>
                    <field name="blValueId">2072575</field>
                    <field name="deleted">false</field>
                </field_list>
            </object>
        </object_info>
        <object_info id="O607">
            <object class="SPrimitiveBlValue">
                <field_list>
                    <field name="blValueId">2072575</field>
                    <field name="dataTypeId">15</field>
                    <field name="metaChecksumHi">4718779074257208398</field>
                    <field name="metaChecksumLo">-4373762290584678910</field>
                    <field name="value"><![CDATA[WUZPNMOMLBXTAUEOPXZEZZKVOLOXAMUNMNKPVNNQENZKQTBENXQLKXOBEUVWPMOQ]]></field>
                    <field name="deleted">false</field>
                </field_list>
            </object>
        </object_info>
        <object_info id="O615">
            <object class="SBlValue">
                <field_list>
                    <field name="blValueId">2074683</field>
                    <field name="dataTypeId">2</field>
                    <field name="objectTypeId">6005</field>
                    <field name="valueNull">false</field>
                    <field name="deleted">false</field>
                </field_list>
            </object>
            <link_list>
                <link object="O616" reference="R1857"/>
                <link object="O616" reference="R1861"/>
                <link object="O614" reference="R2187"/>
            </link_list>
        </object_info>
        <object_info id="O653">
            <object class="SBlValue">
                <field_list>
                    <field name="blValueId">2064639</field>
                    <field name="dataTypeId">1005</field>
                    <field name="objectTypeId">5319</field>
                    <field name="valueNull">false</field>
                    <field name="deleted">false</field>
                </field_list>
            </object>
            <link_list>
                <link object="O654" reference="R1858"/>
                <link object="O572" reference="R2143"/>
            </link_list>
        </object_info>
        <object_info id="O572">
            <object class="SDepotObject">
                <field_list>
                    <field name="depotObjectId">207</field>
                    <field name="depotObjectVersionId">1</field>
                    <field name="blValueId">2064639</field>
                    <field name="guid">9c8a87f8-1b12-4049-9bba-01421f0f7c16</field>
                    <field name="groupId">2000203</field>
                    <field name="objectTypeId">28</field>
                    <field name="createdByRoleId">1000010</field>
                    <field name="createdByUserId">1000010</field>
                    <field name="modifiedByRoleId">1000010</field>
                    <field name="modifiedByUserId">1000010</field>
                    <field name="blAclId">2000015</field>
                    <field name="dataTypeId">2001525</field>
                    <field name="name"><![CDATA[DeployApplication-Unix]]></field>
                    <field name="description"><![CDATA[]]></field>
                    <field name="lockedByUserId">0</field>
                    <field name="savedExplicitly">true</field>
                    <field name="errors">false</field>
                    <field name="warnings">false</field>
                    <field name="latestVersion">true</field>
                    <field name="dateCreated">2014/05/19 08:49:51-0500</field>
                    <field name="dateModified">2014/08/07 10:27:42-0500</field>
                    <field name="deleted">false</field>
                </field_list>
            </object>
            <link_list>
                <link object="O644" reference="R2138"/>
                <link object="O650" reference="R2183"/>
                <link object="O650" reference="R2137"/>
                <link object="O614" reference="R2138"/>
                <link object="O626" reference="R2138"/>
                <link object="O620" reference="R2138"/>
                <link object="O632" reference="R2138"/>
                <link object="O638" reference="R2138"/>
            </link_list>
        </object_info>
        <object_info id="O614">
            <object class="SBlPackagePropertyReference">
                <field_list>
                    <field name="depotObjectId">207</field>
                    <field name="depotObjectVersionId">1</field>
                    <field name="sequenceId">0</field>
                    <field name="blValueId">2074683</field>
                    <field name="deleted">false</field>
                </field_list>
            </object>
        </object_info>
        <object_info id="O616">
            <object class="SPropertyReference">
                <field_list>
                    <field name="blValueId">2074683</field>
                    <field name="referencePath"><![CDATA[]]></field>
                    <field name="deleted">false</field>
                </field_list>
            </object>
            <link_list>
                <link object="O617" reference="R1875"/>
            </link_list>
        </object_info>
        <object_info id="O617">
            <object class="SPropertyReferenceProperty">
                <field_list>
                    <field name="blValueId">2074683</field>
                    <field name="sequenceId">0</field>
                    <field name="propertyId">10005036</field>
                    <field name="deleted">false</field>
                </field_list>
            </object>
        </object_info>
        <object_info id="O621">
            <object class="SBlValue">
                <field_list>
                    <field name="blValueId">2074684</field>
                    <field name="dataTypeId">2</field>
                    <field name="objectTypeId">6005</field>
                    <field name="valueNull">false</field>
                    <field name="deleted">false</field>
                </field_list>
            </object>
            <link_list>
                <link object="O622" reference="R1857"/>
                <link object="O622" reference="R1861"/>
                <link object="O620" reference="R2187"/>
            </link_list>
        </object_info>
        <object_info id="O620">
            <object class="SBlPackagePropertyReference">
                <field_list>
                    <field name="depotObjectId">207</field>
                    <field name="depotObjectVersionId">1</field>
                    <field name="sequenceId">1</field>
                    <field name="blValueId">2074684</field>
                    <field name="deleted">false</field>
                </field_list>
            </object>
        </object_info>
        <object_info id="O622">
            <object class="SPropertyReference">
                <field_list>
                    <field name="blValueId">2074684</field>
                    <field name="referencePath"><![CDATA[]]></field>
                    <field name="deleted">false</field>
                </field_list>
            </object>
            <link_list>
                <link object="O623" reference="R1875"/>
            </link_list>
        </object_info>
        <object_info id="O623">
            <object class="SPropertyReferenceProperty">
                <field_list>
                    <field name="blValueId">2074684</field>
                    <field name="sequenceId">0</field>
                    <field name="propertyId">10005072</field>
                    <field name="deleted">false</field>
                </field_list>
            </object>
        </object_info>
        <object_info id="O627">
            <object class="SBlValue">
                <field_list>
                    <field name="blValueId">2074685</field>
                    <field name="dataTypeId">2</field>
                    <field name="objectTypeId">6005</field>
                    <field name="valueNull">false</field>
                    <field name="deleted">false</field>
                </field_list>
            </object>
            <link_list>
                <link object="O628" reference="R1857"/>
                <link object="O628" reference="R1861"/>
                <link object="O626" reference="R2187"/>
            </link_list>
        </object_info>
        <object_info id="O626">
            <object class="SBlPackagePropertyReference">
                <field_list>
                    <field name="depotObjectId">207</field>
                    <field name="depotObjectVersionId">1</field>
                    <field name="sequenceId">2</field>
                    <field name="blValueId">2074685</field>
                    <field name="deleted">false</field>
                </field_list>
            </object>
        </object_info>
        <object_info id="O628">
            <object class="SPropertyReference">
                <field_list>
                    <field name="blValueId">2074685</field>
                    <field name="referencePath"><![CDATA[]]></field>
                    <field name="deleted">false</field>
                </field_list>
            </object>
            <link_list>
                <link object="O629" reference="R1875"/>
            </link_list>
        </object_info>
        <object_info id="O629">
            <object class="SPropertyReferenceProperty">
                <field_list>
                    <field name="blValueId">2074685</field>
                    <field name="sequenceId">0</field>
                    <field name="propertyId">10005070</field>
                    <field name="deleted">false</field>
                </field_list>
            </object>
        </object_info>
        <object_info id="O633">
            <object class="SBlValue">
                <field_list>
                    <field name="blValueId">2074686</field>
                    <field name="dataTypeId">1</field>
                    <field name="objectTypeId">6005</field>
                    <field name="valueNull">false</field>
                    <field name="deleted">false</field>
                </field_list>
            </object>
            <link_list>
                <link object="O634" reference="R1857"/>
                <link object="O634" reference="R1861"/>
                <link object="O632" reference="R2187"/>
            </link_list>
        </object_info>
        <object_info id="O632">
            <object class="SBlPackagePropertyReference">
                <field_list>
                    <field name="depotObjectId">207</field>
                    <field name="depotObjectVersionId">1</field>
                    <field name="sequenceId">3</field>
                    <field name="blValueId">2074686</field>
                    <field name="deleted">false</field>
                </field_list>
            </object>
        </object_info>
        <object_info id="O634">
            <object class="SPropertyReference">
                <field_list>
                    <field name="blValueId">2074686</field>
                    <field name="referencePath"><![CDATA[]]></field>
                    <field name="deleted">false</field>
                </field_list>
            </object>
            <link_list>
                <link object="O635" reference="R1875"/>
            </link_list>
        </object_info>
        <object_info id="O635">
            <object class="SPropertyReferenceProperty">
                <field_list>
                    <field name="blValueId">2074686</field>
                    <field name="sequenceId">0</field>
                    <field name="propertyId">10005071</field>
                    <field name="deleted">false</field>
                </field_list>
            </object>
        </object_info>
        <object_info id="O639">
            <object class="SBlValue">
                <field_list>
                    <field name="blValueId">2074687</field>
                    <field name="dataTypeId">15</field>
                    <field name="objectTypeId">6005</field>
                    <field name="valueNull">false</field>
                    <field name="deleted">false</field>
                </field_list>
            </object>
            <link_list>
                <link object="O640" reference="R1857"/>
                <link object="O640" reference="R1861"/>
                <link object="O638" reference="R2187"/>
            </link_list>
        </object_info>
        <object_info id="O638">
            <object class="SBlPackagePropertyReference">
                <field_list>
                    <field name="depotObjectId">207</field>
                    <field name="depotObjectVersionId">1</field>
                    <field name="sequenceId">4</field>
                    <field name="blValueId">2074687</field>
                    <field name="deleted">false</field>
                </field_list>
            </object>
        </object_info>
        <object_info id="O640">
            <object class="SPropertyReference">
                <field_list>
                    <field name="blValueId">2074687</field>
                    <field name="referencePath"><![CDATA[]]></field>
                    <field name="deleted">false</field>
                </field_list>
            </object>
            <link_list>
                <link object="O641" reference="R1875"/>
            </link_list>
        </object_info>
        <object_info id="O641">
            <object class="SPropertyReferenceProperty">
                <field_list>
                    <field name="blValueId">2074687</field>
                    <field name="sequenceId">0</field>
                    <field name="propertyId">10005073</field>
                    <field name="deleted">false</field>
                </field_list>
            </object>
        </object_info>
        <object_info id="O645">
            <object class="SBlValue">
                <field_list>
                    <field name="blValueId">2074688</field>
                    <field name="dataTypeId">2</field>
                    <field name="objectTypeId">6005</field>
                    <field name="valueNull">false</field>
                    <field name="deleted">false</field>
                </field_list>
            </object>
            <link_list>
                <link object="O646" reference="R1857"/>
                <link object="O646" reference="R1861"/>
                <link object="O644" reference="R2187"/>
            </link_list>
        </object_info>
        <object_info id="O644">
            <object class="SBlPackagePropertyReference">
                <field_list>
                    <field name="depotObjectId">207</field>
                    <field name="depotObjectVersionId">1</field>
                    <field name="sequenceId">5</field>
                    <field name="blValueId">2074688</field>
                    <field name="deleted">false</field>
                </field_list>
            </object>
        </object_info>
        <object_info id="O646">
            <object class="SPropertyReference">
                <field_list>
                    <field name="blValueId">2074688</field>
                    <field name="referencePath"><![CDATA[]]></field>
                    <field name="deleted">false</field>
                </field_list>
            </object>
            <link_list>
                <link object="O647" reference="R1875"/>
            </link_list>
        </object_info>
        <object_info id="O647">
            <object class="SPropertyReferenceProperty">
                <field_list>
                    <field name="blValueId">2074688</field>
                    <field name="sequenceId">0</field>
                    <field name="propertyId">10005069</field>
                    <field name="deleted">false</field>
                </field_list>
            </object>
        </object_info>
        <object_info id="O650">
            <object class="SDepotObjectLocation">
                <field_list>
                    <field name="depotObjectLocationId">170</field>
                    <field name="depotObjectId">207</field>
                    <field name="depotObjectVersionId">1</field>
                    <field name="depotObjectLocationTypeId">0</field>
                    <field name="fileLocationId">414</field>
                    <field name="blfileId">null</field>
                    <field name="remotePath"><![CDATA[]]></field>
                    <field name="remotePathParameterized">false</field>
                    <field name="deleted">false</field>
                </field_list>
            </object>
        </object_info>
        <object_info id="O651">
            <object class="SFileLocation">
                <field_list>
                    <field name="fileLocationId">414</field>
                    <field name="fileServerId">1</field>
                    <field name="relativePath"><![CDATA[blpackages/e159c0a2-418a-4f7b-9b74-8b58be597b37]]></field>
                    <field name="deleted">false</field>
                </field_list>
            </object>
        </object_info>
        <object_info id="O654">
            <object class="SPropertySetInstance">
                <field_list>
                    <field name="blValueId">2064639</field>
                    <field name="blAclId">11301</field>
                    <field name="createdByRoleId">1000010</field>
                    <field name="createdByUserId">1000010</field>
                    <field name="modifiedByRoleId">1000010</field>
                    <field name="modifiedByUserId">1000010</field>
                    <field name="dataTypeId">1005</field>
                    <field name="name"><![CDATA[DeployApplication-Unix]]></field>
                    <field name="description"><![CDATA[]]></field>
                    <field name="deprecated">false</field>
                    <field name="dateCreated">2014/05/19 08:49:51-0500</field>
                    <field name="dateModified">2014/08/07 10:27:42-0500</field>
                    <field name="deleted">false</field>
                    <field name="synchronize">true</field>
                    <field name="anonymous">false</field>
                </field_list>
            </object>
        </object_info>
    </object_list>
</model_object_graph>
