<?xml version="1.0" encoding="UTF-8" standalone="yes"?>

<BLPACKAGE CreatedBy="BLAdmin" CreatedDate="2014/06/10 07:11:33" SchemaVersion="2.0">
   <EXTERNALCMD ItemId="1">
      <Name>Remove file or dir</Name>
      <Cmd>#!/bin/bash&#xA;#############################################################################&#xA;# Copyright @ 2013 BMC Software, Inc.                                       #&#xA;# This script is supplied as a template for performing the defined actions  #&#xA;# This script is written to perform in most environments but may require #&#xA;# changes to work correctly in your specific environment.             #&#xA;#############################################################################&#xA;# Delete File or Directory&#xA;#############################################################################&#xA;&#xA;target=&quot;??FILES??&quot;&#xA;# Check that arguments are passed&#xA;if [ -z &quot;$target&quot; ]; then&#xA;	echo &quot;No arguments passed.  Please pass a file or directory to be deleted&quot; 1&gt;&amp;2&#xA;	exit 1&#xA;fi&#xA;&#xA;for file in $target&#xA;  do&#xA;	[ &quot;${file:0:1}&quot; == &quot;.&quot; ] &amp;&amp; file=&quot;??DEPLOY_DIR??/$file&quot;&#xA;	echo Deleting $file...&#xA;	if [ -f &quot;$file&quot; -o -d &quot;$file&quot; ]; then&#xA;    		rm -rf &quot;$file&quot;&#xA;   		 rc=&quot;$?&quot;&#xA;		if [ &quot;$rc&quot; != &quot;0&quot; ]; then&#xA;			echo &quot;Error deleting $file&quot; 1&gt;&amp;2&#xA;			exit $rc&#xA;		else&#xA;			echo &quot;$file deleted successfully&quot;&#xA;		fi&#xA;	else&#xA;    		echo &quot;$file does not exist.&quot;&#xA;	fi&#xA;  done&#xA;&#xA;exit 0</Cmd>
      <UndoCmd></UndoCmd>
      <ActionOnFailure>Abort</ActionOnFailure>
   </EXTERNALCMD>
</BLPACKAGE>
