<?xml version="1.0" encoding="UTF-8" standalone="yes"?>

<BLPACKAGE CreatedBy="BLAdmin" CreatedDate="2014/05/19 08:49:51" SchemaVersion="2.0">
   <EXTERNALCMD ItemId="1">
      <Name>Execute on Unix</Name>
      <Cmd># Script that uses Tomcat Manager URL interface to undeploy an &#xA;# application.  &#xA;#&#xA;# Tomcat user must have &quot;manager-script&quot; role to use the tomcat_manager actions&#xA;# And autodeploy should be set to false.&#xA;#&#xA;tcport=??TOMCAT_PORT??&#xA;tcuser=??TOMCAT_USER??&#xA;tcpassword=??TOMCAT_PASSWORD??&#xA;appname=??application??&#xA;&#xA;if [ -z &quot;$tcport&quot; ]; then&#xA;	tcport=8080&#xA;fi&#xA;&#xA;if [ -z &quot;$tcuser&quot; ]; then&#xA;	&quot;TOMCAT_USER environment variable not set&quot;&#xA;	exit 1&#xA;fi&#xA;&#xA;if [ -z &quot;$tcpassword&quot; ]; then&#xA;	&quot;TOMCAT_PASSWORD environment variable not set&quot;&#xA;	exit 1&#xA;fi&#xA;&#xA;url=&quot;http://localhost:&quot;$tcport&quot;/manager/text/undeploy?path=/&quot;$appname&#xA;echo $url&#xA;&#xA;result=`curl -s -u $tcuser:$tcpassword &quot;$url&quot;`&#xA;&#xA;if [ &quot;$result&quot; != &quot;${result/OK - Undeployed application/}&quot; ]; then&#xA;    echo $result&#xA;    exit 0&#xA;fi&#xA;&#xA;echo $result 1&gt;&amp;2&#xA;exit 1</Cmd>
      <UndoCmd></UndoCmd>
      <ActionOnFailure>Ignore</ActionOnFailure>
   </EXTERNALCMD>
</BLPACKAGE>
