<?xml version="1.0" encoding="UTF-8"?>
<!DOCTYPE model_object_graph SYSTEM "file://bladelogic.com/dtds/BLObjectGraph_v01.dtd">
<model_object_graph blmodel_version="8.5">
    <source_key>DBKey:SDepotObjectKeyImpl:218-1</source_key>
    <exclude_list>
        <exclude_type>600</exclude_type>
    </exclude_list>
    <relationship_list>
        <reference FK="true" id="R2153" local_id="4"
            source="SDepotObject" target="SDataType" type="dependency">
            <field_map_list>
                <field_map>
                    <local_field_name>dataTypeId</local_field_name>
                    <target_field_name>dataTypeId</target_field_name>
                </field_map>
            </field_map_list>
        </reference>
        <reference FK="true" id="R2154" local_id="2"
            source="SDepotObject" target="SDataType" type="dependency">
            <field_map_list>
                <field_map>
                    <local_field_name>dataTypeId</local_field_name>
                    <target_field_name>dataTypeId</target_field_name>
                </field_map>
            </field_map_list>
        </reference>
        <reference FK="true" id="R2136" source="SDepotObject"
            target="SDataType" type="external_part">
            <field_map_list>
                <field_map>
                    <local_field_name>dataTypeId</local_field_name>
                    <target_field_name>dataTypeId</target_field_name>
                </field_map>
            </field_map_list>
        </reference>
        <reference FK="true" id="R2152" local_id="5"
            source="SDepotObject" target="SDataType" type="dependency">
            <field_map_list>
                <field_map>
                    <local_field_name>dataTypeId</local_field_name>
                    <target_field_name>dataTypeId</target_field_name>
                </field_map>
            </field_map_list>
        </reference>
        <reference FK="true" id="R2155" local_id="3"
            source="SDepotObject" target="SDataType" type="dependency">
            <field_map_list>
                <field_map>
                    <local_field_name>dataTypeId</local_field_name>
                    <target_field_name>dataTypeId</target_field_name>
                </field_map>
            </field_map_list>
        </reference>
        <reference FK="true" id="R2156" local_id="1"
            source="SDepotObject" target="SDataType" type="dependency">
            <field_map_list>
                <field_map>
                    <local_field_name>dataTypeId</local_field_name>
                    <target_field_name>dataTypeId</target_field_name>
                </field_map>
            </field_map_list>
        </reference>
        <reference FK="true" id="R2146" source="SDepotObject"
            target="SBlValue" type="external_part">
            <field_map_list>
                <field_map>
                    <local_field_name>blValueId</local_field_name>
                    <target_field_name>blValueId</target_field_name>
                </field_map>
            </field_map_list>
        </reference>
        <reference FK="false" id="R1859" source="SPropertySetInstance"
            target="SBlValue" type="external_part">
            <field_map_list>
                <field_map>
                    <local_field_name>blValueId</local_field_name>
                    <target_field_name>blValueId</target_field_name>
                </field_map>
            </field_map_list>
        </reference>
        <reference FK="true" id="R1846" source="SPropertySetClass"
            target="SDataType" type="dependency">
            <field_map_list>
                <field_map>
                    <local_field_name>superTypeId</local_field_name>
                    <target_field_name>dataTypeId</target_field_name>
                </field_map>
            </field_map_list>
        </reference>
        <reference FK="false" id="R1836" source="SPropertySetClass"
            target="SDataType" type="external_part">
            <field_map_list>
                <field_map>
                    <local_field_name>dataTypeId</local_field_name>
                    <target_field_name>dataTypeId</target_field_name>
                </field_map>
            </field_map_list>
        </reference>
        <reference FK="false" id="R1844"
            source="SPropertySetClassDefaultValueMap"
            target="SPropertySetClass" type="external_part">
            <field_map_list>
                <field_map>
                    <local_field_name>dataTypeId</local_field_name>
                    <target_field_name>dataTypeId</target_field_name>
                </field_map>
            </field_map_list>
        </reference>
        <reference FK="true" id="R1854"
            source="SPropertySetClassDefaultValueMap" target="SBlValue" type="dependency">
            <field_map_list>
                <field_map>
                    <local_field_name>blValueId</local_field_name>
                    <target_field_name>blValueId</target_field_name>
                </field_map>
            </field_map_list>
        </reference>
        <reference FK="true" id="R1855"
            source="SPropertySetClassDefaultValueMap" target="SProperty" type="dependency">
            <field_map_list>
                <field_map>
                    <local_field_name>propertyId</local_field_name>
                    <target_field_name>propertyId</target_field_name>
                </field_map>
            </field_map_list>
        </reference>
        <reference FK="false" id="R1862" source="SPrimitiveBlValue"
            target="SBlValue" type="external_part">
            <field_map_list>
                <field_map>
                    <local_field_name>blValueId</local_field_name>
                    <target_field_name>blValueId</target_field_name>
                </field_map>
            </field_map_list>
        </reference>
        <reference FK="false" id="R1843" source="SProperty"
            target="SPropertySetClass" type="external_part">
            <field_map_list>
                <field_map>
                    <local_field_name>classDataTypeId</local_field_name>
                    <target_field_name>dataTypeId</target_field_name>
                </field_map>
            </field_map_list>
        </reference>
        <reference FK="false" id="R1857" source="SEnumeratedBlValue"
            target="SBlValue" type="external_part">
            <field_map_list>
                <field_map>
                    <local_field_name>blValueId</local_field_name>
                    <target_field_name>blValueId</target_field_name>
                </field_map>
            </field_map_list>
        </reference>
        <reference FK="true" id="R1870" source="SEnumeratedBlValue"
            target="SBlValue" type="dependency">
            <field_map_list>
                <field_map>
                    <local_field_name>elementBlValueId</local_field_name>
                    <target_field_name>blValueId</target_field_name>
                </field_map>
            </field_map_list>
        </reference>
        <reference FK="true" id="R2188" local_id="1"
            source="SBlPackagePropertyReference" target="SBlValue" type="external_part">
            <field_map_list>
                <field_map>
                    <local_field_name>blValueId</local_field_name>
                    <target_field_name>blValueId</target_field_name>
                </field_map>
            </field_map_list>
        </reference>
        <reference FK="false" id="R2139"
            source="SBlPackagePropertyReference" target="SDepotObject" type="external_part">
            <field_map_list>
                <field_map>
                    <local_field_name>depotObjectId</local_field_name>
                    <target_field_name>depotObjectId</target_field_name>
                </field_map>
                <field_map>
                    <local_field_name>depotObjectVersionId</local_field_name>
                    <target_field_name>depotObjectVersionId</target_field_name>
                </field_map>
            </field_map_list>
        </reference>
        <reference FK="false" id="R1861" local_id="1"
            source="SPropertyReference" target="SBlValue" type="external_part">
            <field_map_list>
                <field_map>
                    <local_field_name>blValueId</local_field_name>
                    <target_field_name>blValueId</target_field_name>
                </field_map>
            </field_map_list>
        </reference>
        <reference FK="false" id="R1863" local_id="2"
            source="SPropertyReference" target="SBlValue" type="external_part">
            <field_map_list>
                <field_map>
                    <local_field_name>blValueId</local_field_name>
                    <target_field_name>blValueId</target_field_name>
                </field_map>
            </field_map_list>
        </reference>
        <reference FK="false" id="R1875"
            source="SPropertyReferenceProperty"
            target="SPropertyReference" type="external_part">
            <field_map_list>
                <field_map>
                    <local_field_name>blValueId</local_field_name>
                    <target_field_name>blValueId</target_field_name>
                </field_map>
            </field_map_list>
        </reference>
        <reference FK="true" id="R1877"
            source="SPropertyReferenceProperty" target="SProperty" type="dependency">
            <field_map_list>
                <field_map>
                    <local_field_name>propertyId</local_field_name>
                    <target_field_name>propertyId</target_field_name>
                </field_map>
            </field_map_list>
        </reference>
        <reference FK="true" id="R2183" source="SDepotObjectLocation"
            target="SDepotObject" type="dependency">
            <field_map_list>
                <field_map>
                    <local_field_name>depotObjectId</local_field_name>
                    <target_field_name>depotObjectId</target_field_name>
                </field_map>
                <field_map>
                    <local_field_name>depotObjectVersionId</local_field_name>
                    <target_field_name>depotObjectVersionId</target_field_name>
                </field_map>
            </field_map_list>
        </reference>
        <reference FK="false" id="R2138" source="SDepotObjectLocation"
            target="SDepotObject" type="external_part">
            <field_map_list>
                <field_map>
                    <local_field_name>depotObjectId</local_field_name>
                    <target_field_name>depotObjectId</target_field_name>
                </field_map>
                <field_map>
                    <local_field_name>depotObjectVersionId</local_field_name>
                    <target_field_name>depotObjectVersionId</target_field_name>
                </field_map>
            </field_map_list>
        </reference>
    </relationship_list>
    <object_list>
        <object_info id="O1469">
            <object class="SBlValue">
                <field_list>
                    <field name="blValueId">2065012</field>
                    <field name="dataTypeId">1005</field>
                    <field name="objectTypeId">5319</field>
                    <field name="valueNull">false</field>
                    <field name="deleted">false</field>
                </field_list>
            </object>
            <link_list>
                <link object="O1475" reference="R1859"/>
                <link object="O1464" reference="R2146"/>
            </link_list>
        </object_info>
        <object_info id="O1475">
            <object class="SPropertySetInstance">
                <field_list>
                    <field name="blValueId">2065012</field>
                    <field name="blAclId">11301</field>
                    <field name="createdByRoleId">1000010</field>
                    <field name="createdByUserId">1000010</field>
                    <field name="modifiedByRoleId">1000010</field>
                    <field name="modifiedByUserId">1000010</field>
                    <field name="dataTypeId">1005</field>
                    <field name="name"><![CDATA[DeployApplication-Windows]]></field>
                    <field name="description"><![CDATA[]]></field>
                    <field name="deprecated">false</field>
                    <field name="dateCreated">2014/06/03 08:23:56-0500</field>
                    <field name="dateModified">2014/06/04 10:34:50-0500</field>
                    <field name="deleted">false</field>
                    <field name="synchronize">true</field>
                    <field name="anonymous">false</field>
                </field_list>
            </object>
        </object_info>
        <object_info id="O1601">
            <object class="SDataType">
                <field_list>
                    <field name="dataTypeId">1025</field>
                    <field name="objectTypeId">5318</field>
                    <field name="deleted">false</field>
                    <field name="builtIn">true</field>
                </field_list>
            </object>
            <link_list>
                <link object="O1485" reference="R1846"/>
            </link_list>
        </object_info>
        <object_info id="O1483">
            <object class="SDataType">
                <field_list>
                    <field name="dataTypeId">2001536</field>
                    <field name="objectTypeId">5318</field>
                    <field name="deleted">false</field>
                    <field name="builtIn">false</field>
                </field_list>
            </object>
            <link_list>
                <link object="O1464" reference="R2153"/>
                <link object="O1464" reference="R2154"/>
                <link object="O1464" reference="R2136"/>
                <link object="O1464" reference="R2152"/>
                <link object="O1464" reference="R2155"/>
                <link object="O1464" reference="R2156"/>
                <link object="O1485" reference="R1836"/>
            </link_list>
        </object_info>
        <object_info id="O1485">
            <object class="SPropertySetClass">
                <field_list>
                    <field name="dataTypeId">2001536</field>
                    <field name="superTypeId">1025</field>
                    <field name="createdByRoleId">1000010</field>
                    <field name="createdByUserId">1000010</field>
                    <field name="modifiedByRoleId">1000010</field>
                    <field name="modifiedByUserId">1000010</field>
                    <field name="blAclId">2000014</field>
                    <field name="name"><![CDATA[DeployApplication-Windows]]></field>
                    <field name="description"><![CDATA[]]></field>
                    <field name="abstract">false</field>
                    <field name="builtIn">false</field>
                    <field name="visible">true</field>
                    <field name="deprecated">false</field>
                    <field name="dateCreated">2014/06/03 08:23:56-0500</field>
                    <field name="dateModified">2014/06/03 11:40:41-0500</field>
                    <field name="instanceTableName"><![CDATA[]]></field>
                    <field name="deleted">false</field>
                    <field name="synchronize">true</field>
                    <field name="modelObject">true</field>
                    <field name="custom">false</field>
                    <field name="extendable">true</field>
                    <field name="anonymous">false</field>
                </field_list>
            </object>
            <link_list>
                <link object="O1584" reference="R1843"/>
                <link object="O1512" reference="R1844"/>
                <link object="O1555" reference="R1844"/>
                <link object="O1589" reference="R1843"/>
                <link object="O1548" reference="R1843"/>
                <link object="O1590" reference="R1844"/>
                <link object="O1510" reference="R1843"/>
                <link object="O1529" reference="R1843"/>
                <link object="O1530" reference="R1844"/>
                <link object="O1487" reference="R1844"/>
                <link object="O1586" reference="R1844"/>
                <link object="O1554" reference="R1843"/>
                <link object="O1592" reference="R1843"/>
                <link object="O1549" reference="R1844"/>
            </link_list>
        </object_info>
        <object_info id="O1494">
            <object class="SBlValue">
                <field_list>
                    <field name="blValueId">2058680</field>
                    <field name="dataTypeId">2</field>
                    <field name="objectTypeId">6000</field>
                    <field name="valueNull">false</field>
                    <field name="deleted">false</field>
                </field_list>
            </object>
            <link_list>
                <link object="O1500" reference="R1862"/>
                <link object="O1487" reference="R1854"/>
            </link_list>
        </object_info>
        <object_info id="O1510">
            <object class="SProperty">
                <field_list>
                    <field name="propertyId">10005074</field>
                    <field name="dataTypeId">2</field>
                    <field name="classDataTypeId">2001536</field>
                    <field name="createdByRoleId">1000010</field>
                    <field name="createdByUserId">1000010</field>
                    <field name="modifiedByRoleId">1000010</field>
                    <field name="modifiedByUserId">1000010</field>
                    <field name="name"><![CDATA[TOMCAT_USER]]></field>
                    <field name="description"><![CDATA[]]></field>
                    <field name="builtIn">false</field>
                    <field name="valueReadOnly">false</field>
                    <field name="valueRequired">false</field>
                    <field name="usedInReports">false</field>
                    <field name="deprecated">false</field>
                    <field name="dateCreated">2014/06/03 08:23:56-0500</field>
                    <field name="dateModified">2014/06/03 08:23:56-0500</field>
                    <field name="loadTypeId">1</field>
                    <field name="deleted">false</field>
                </field_list>
            </object>
            <link_list>
                <link object="O1648" reference="R1877"/>
                <link object="O1487" reference="R1855"/>
            </link_list>
        </object_info>
        <object_info id="O1487">
            <object class="SPropertySetClassDefaultValueMap">
                <field_list>
                    <field name="dataTypeId">2001536</field>
                    <field name="propertyId">10005074</field>
                    <field name="blValueId">2058680</field>
                    <field name="deleted">false</field>
                </field_list>
            </object>
        </object_info>
        <object_info id="O1500">
            <object class="SPrimitiveBlValue">
                <field_list>
                    <field name="blValueId">2058680</field>
                    <field name="dataTypeId">2</field>
                    <field name="metaChecksumHi">9181046197344525513</field>
                    <field name="metaChecksumLo">7628978878088772041</field>
                    <field name="value"><![CDATA[tomcat]]></field>
                    <field name="deleted">false</field>
                </field_list>
            </object>
        </object_info>
        <object_info id="O1529">
            <object class="SProperty">
                <field_list>
                    <field name="propertyId">10005075</field>
                    <field name="dataTypeId">2</field>
                    <field name="classDataTypeId">2001536</field>
                    <field name="createdByRoleId">1000010</field>
                    <field name="createdByUserId">1000010</field>
                    <field name="modifiedByRoleId">1000010</field>
                    <field name="modifiedByUserId">1000010</field>
                    <field name="name"><![CDATA[application]]></field>
                    <field name="description"><![CDATA[]]></field>
                    <field name="builtIn">false</field>
                    <field name="valueReadOnly">false</field>
                    <field name="valueRequired">false</field>
                    <field name="usedInReports">false</field>
                    <field name="deprecated">false</field>
                    <field name="dateCreated">2014/06/03 08:23:56-0500</field>
                    <field name="dateModified">2014/06/03 08:23:56-0500</field>
                    <field name="loadTypeId">1</field>
                    <field name="deleted">false</field>
                </field_list>
            </object>
            <link_list>
                <link object="O1512" reference="R1855"/>
                <link object="O1660" reference="R1877"/>
            </link_list>
        </object_info>
        <object_info id="O1513">
            <object class="SBlValue">
                <field_list>
                    <field name="blValueId">99</field>
                    <field name="dataTypeId">99</field>
                    <field name="objectTypeId">6007</field>
                    <field name="valueNull">true</field>
                    <field name="deleted">false</field>
                </field_list>
            </object>
            <link_list>
                <link object="O1586" reference="R1854"/>
                <link object="O1512" reference="R1854"/>
                <link object="O1590" reference="R1854"/>
                <link object="O1525" reference="R1857"/>
                <link object="O1525" reference="R1870"/>
                <link object="O1549" reference="R1854"/>
                <link object="O1518" reference="R1862"/>
            </link_list>
        </object_info>
        <object_info id="O1512">
            <object class="SPropertySetClassDefaultValueMap">
                <field_list>
                    <field name="dataTypeId">2001536</field>
                    <field name="propertyId">10005075</field>
                    <field name="blValueId">99</field>
                    <field name="deleted">false</field>
                </field_list>
            </object>
        </object_info>
        <object_info id="O1518">
            <object class="SPrimitiveBlValue">
                <field_list>
                    <field name="blValueId">99</field>
                    <field name="dataTypeId">99</field>
                    <field name="metaChecksumHi">99</field>
                    <field name="metaChecksumLo">99</field>
                    <field name="value"><![CDATA[]]></field>
                    <field name="deleted">false</field>
                </field_list>
            </object>
        </object_info>
        <object_info id="O1525">
            <object class="SEnumeratedBlValue">
                <field_list>
                    <field name="blValueId">99</field>
                    <field name="elementBlValueId">99</field>
                    <field name="deleted">false</field>
                    <field name="sequenceId">0</field>
                    <field name="displayName"><![CDATA[]]></field>
                    <field name="displayStringSetId">null</field>
                    <field name="enumDeprecated">false</field>
                </field_list>
            </object>
        </object_info>
        <object_info id="O1532">
            <object class="SBlValue">
                <field_list>
                    <field name="blValueId">2059580</field>
                    <field name="dataTypeId">1</field>
                    <field name="objectTypeId">6000</field>
                    <field name="valueNull">false</field>
                    <field name="deleted">false</field>
                </field_list>
            </object>
            <link_list>
                <link object="O1530" reference="R1854"/>
                <link object="O1537" reference="R1862"/>
            </link_list>
        </object_info>
        <object_info id="O1548">
            <object class="SProperty">
                <field_list>
                    <field name="propertyId">10005076</field>
                    <field name="dataTypeId">1</field>
                    <field name="classDataTypeId">2001536</field>
                    <field name="createdByRoleId">1000010</field>
                    <field name="createdByUserId">1000010</field>
                    <field name="modifiedByRoleId">1000010</field>
                    <field name="modifiedByUserId">1000010</field>
                    <field name="name"><![CDATA[TOMCAT_PORT]]></field>
                    <field name="description"><![CDATA[]]></field>
                    <field name="builtIn">false</field>
                    <field name="valueReadOnly">false</field>
                    <field name="valueRequired">false</field>
                    <field name="usedInReports">false</field>
                    <field name="deprecated">false</field>
                    <field name="dateCreated">2014/06/03 08:23:56-0500</field>
                    <field name="dateModified">2014/06/03 08:23:56-0500</field>
                    <field name="loadTypeId">1</field>
                    <field name="deleted">false</field>
                </field_list>
            </object>
            <link_list>
                <link object="O1530" reference="R1855"/>
                <link object="O1695" reference="R1877"/>
            </link_list>
        </object_info>
        <object_info id="O1530">
            <object class="SPropertySetClassDefaultValueMap">
                <field_list>
                    <field name="dataTypeId">2001536</field>
                    <field name="propertyId">10005076</field>
                    <field name="blValueId">2059580</field>
                    <field name="deleted">false</field>
                </field_list>
            </object>
        </object_info>
        <object_info id="O1537">
            <object class="SPrimitiveBlValue">
                <field_list>
                    <field name="blValueId">2059580</field>
                    <field name="dataTypeId">1</field>
                    <field name="metaChecksumHi">-7732056154962196664</field>
                    <field name="metaChecksumLo">-3885895363537331400</field>
                    <field name="value"><![CDATA[8080]]></field>
                    <field name="deleted">false</field>
                </field_list>
            </object>
        </object_info>
        <object_info id="O1554">
            <object class="SProperty">
                <field_list>
                    <field name="propertyId">10005077</field>
                    <field name="dataTypeId">2</field>
                    <field name="classDataTypeId">2001536</field>
                    <field name="createdByRoleId">1000010</field>
                    <field name="createdByUserId">1000010</field>
                    <field name="modifiedByRoleId">1000010</field>
                    <field name="modifiedByUserId">1000010</field>
                    <field name="name"><![CDATA[ARCHIVE_FILE]]></field>
                    <field name="description"><![CDATA[]]></field>
                    <field name="builtIn">false</field>
                    <field name="valueReadOnly">false</field>
                    <field name="valueRequired">false</field>
                    <field name="usedInReports">false</field>
                    <field name="deprecated">false</field>
                    <field name="dateCreated">2014/06/03 08:23:56-0500</field>
                    <field name="dateModified">2014/06/03 08:23:56-0500</field>
                    <field name="loadTypeId">1</field>
                    <field name="deleted">false</field>
                </field_list>
            </object>
            <link_list>
                <link object="O1710" reference="R1877"/>
                <link object="O1549" reference="R1855"/>
            </link_list>
        </object_info>
        <object_info id="O1549">
            <object class="SPropertySetClassDefaultValueMap">
                <field_list>
                    <field name="dataTypeId">2001536</field>
                    <field name="propertyId">10005077</field>
                    <field name="blValueId">99</field>
                    <field name="deleted">false</field>
                </field_list>
            </object>
        </object_info>
        <object_info id="O1584">
            <object class="SProperty">
                <field_list>
                    <field name="propertyId">10005078</field>
                    <field name="dataTypeId">15</field>
                    <field name="classDataTypeId">2001536</field>
                    <field name="createdByRoleId">1000010</field>
                    <field name="createdByUserId">1000010</field>
                    <field name="modifiedByRoleId">1000010</field>
                    <field name="modifiedByUserId">1000010</field>
                    <field name="name"><![CDATA[TOMCAT_PASSWORD]]></field>
                    <field name="description"><![CDATA[]]></field>
                    <field name="builtIn">false</field>
                    <field name="valueReadOnly">false</field>
                    <field name="valueRequired">false</field>
                    <field name="usedInReports">false</field>
                    <field name="deprecated">false</field>
                    <field name="dateCreated">2014/06/03 08:23:56-0500</field>
                    <field name="dateModified">2014/06/03 08:23:56-0500</field>
                    <field name="loadTypeId">1</field>
                    <field name="deleted">false</field>
                </field_list>
            </object>
            <link_list>
                <link object="O1555" reference="R1855"/>
                <link object="O1680" reference="R1877"/>
            </link_list>
        </object_info>
        <object_info id="O1558">
            <object class="SBlValue">
                <field_list>
                    <field name="blValueId">2065011</field>
                    <field name="dataTypeId">15</field>
                    <field name="objectTypeId">6010</field>
                    <field name="valueNull">false</field>
                    <field name="deleted">false</field>
                </field_list>
            </object>
            <link_list>
                <link object="O1579" reference="R1862"/>
                <link object="O1555" reference="R1854"/>
            </link_list>
        </object_info>
        <object_info id="O1555">
            <object class="SPropertySetClassDefaultValueMap">
                <field_list>
                    <field name="dataTypeId">2001536</field>
                    <field name="propertyId">10005078</field>
                    <field name="blValueId">2065011</field>
                    <field name="deleted">false</field>
                </field_list>
            </object>
        </object_info>
        <object_info id="O1579">
            <object class="SPrimitiveBlValue">
                <field_list>
                    <field name="blValueId">2065011</field>
                    <field name="dataTypeId">15</field>
                    <field name="metaChecksumHi">1434082320751733985</field>
                    <field name="metaChecksumLo">8740467996945860038</field>
                    <field name="value"><![CDATA[NVMPPVUBEUWVLAENNAKLWUNTKEQUKMXBBKXQEEABOBUTLTAXVKONBLWMABZLLTXE]]></field>
                    <field name="deleted">false</field>
                </field_list>
            </object>
        </object_info>
        <object_info id="O1589">
            <object class="SProperty">
                <field_list>
                    <field name="propertyId">10005079</field>
                    <field name="dataTypeId">2</field>
                    <field name="classDataTypeId">2001536</field>
                    <field name="createdByRoleId">1000010</field>
                    <field name="createdByUserId">1000010</field>
                    <field name="modifiedByRoleId">1000010</field>
                    <field name="modifiedByUserId">1000010</field>
                    <field name="name"><![CDATA[TOMCAT_HOME]]></field>
                    <field name="description"><![CDATA[]]></field>
                    <field name="builtIn">false</field>
                    <field name="valueReadOnly">false</field>
                    <field name="valueRequired">false</field>
                    <field name="usedInReports">false</field>
                    <field name="deprecated">false</field>
                    <field name="dateCreated">2014/06/03 08:23:56-0500</field>
                    <field name="dateModified">2014/06/03 08:23:56-0500</field>
                    <field name="loadTypeId">1</field>
                    <field name="deleted">false</field>
                </field_list>
            </object>
            <link_list>
                <link object="O1586" reference="R1855"/>
            </link_list>
        </object_info>
        <object_info id="O1586">
            <object class="SPropertySetClassDefaultValueMap">
                <field_list>
                    <field name="dataTypeId">2001536</field>
                    <field name="propertyId">10005079</field>
                    <field name="blValueId">99</field>
                    <field name="deleted">false</field>
                </field_list>
            </object>
        </object_info>
        <object_info id="O1592">
            <object class="SProperty">
                <field_list>
                    <field name="propertyId">10005080</field>
                    <field name="dataTypeId">2</field>
                    <field name="classDataTypeId">2001536</field>
                    <field name="createdByRoleId">1000010</field>
                    <field name="createdByUserId">1000010</field>
                    <field name="modifiedByRoleId">1000010</field>
                    <field name="modifiedByUserId">1000010</field>
                    <field name="name"><![CDATA[DEPLOY_DIR]]></field>
                    <field name="description"><![CDATA[]]></field>
                    <field name="builtIn">false</field>
                    <field name="valueReadOnly">false</field>
                    <field name="valueRequired">false</field>
                    <field name="usedInReports">false</field>
                    <field name="deprecated">false</field>
                    <field name="dateCreated">2014/06/03 08:23:56-0500</field>
                    <field name="dateModified">2014/06/03 08:23:56-0500</field>
                    <field name="loadTypeId">1</field>
                    <field name="deleted">false</field>
                </field_list>
            </object>
            <link_list>
                <link object="O1636" reference="R1877"/>
                <link object="O1590" reference="R1855"/>
            </link_list>
        </object_info>
        <object_info id="O1590">
            <object class="SPropertySetClassDefaultValueMap">
                <field_list>
                    <field name="dataTypeId">2001536</field>
                    <field name="propertyId">10005080</field>
                    <field name="blValueId">99</field>
                    <field name="deleted">false</field>
                </field_list>
            </object>
        </object_info>
        <object_info id="O1629">
            <object class="SBlValue">
                <field_list>
                    <field name="blValueId">2065079</field>
                    <field name="dataTypeId">2</field>
                    <field name="objectTypeId">6005</field>
                    <field name="valueNull">false</field>
                    <field name="deleted">false</field>
                </field_list>
            </object>
            <link_list>
                <link object="O1634" reference="R1861"/>
                <link object="O1634" reference="R1863"/>
                <link object="O1628" reference="R2188"/>
            </link_list>
        </object_info>
        <object_info id="O1464">
            <object class="SDepotObject">
                <field_list>
                    <field name="depotObjectId">218</field>
                    <field name="depotObjectVersionId">1</field>
                    <field name="blValueId">2065012</field>
                    <field name="guid">51958938-b26c-4cad-91fb-784eef886824</field>
                    <field name="groupId">2000203</field>
                    <field name="objectTypeId">28</field>
                    <field name="createdByRoleId">1000010</field>
                    <field name="createdByUserId">1000010</field>
                    <field name="modifiedByRoleId">1000010</field>
                    <field name="modifiedByUserId">1000010</field>
                    <field name="blAclId">2000015</field>
                    <field name="dataTypeId">2001536</field>
                    <field name="name"><![CDATA[DeployApplication-Windows]]></field>
                    <field name="description"><![CDATA[]]></field>
                    <field name="lockedByUserId">0</field>
                    <field name="savedExplicitly">true</field>
                    <field name="errors">false</field>
                    <field name="warnings">false</field>
                    <field name="latestVersion">true</field>
                    <field name="dateCreated">2014/06/03 08:23:56-0500</field>
                    <field name="dateModified">2014/06/03 11:40:41-0500</field>
                    <field name="deleted">false</field>
                </field_list>
            </object>
            <link_list>
                <link object="O1668" reference="R2139"/>
                <link object="O1730" reference="R2183"/>
                <link object="O1730" reference="R2138"/>
                <link object="O1685" reference="R2139"/>
                <link object="O1703" reference="R2139"/>
                <link object="O1628" reference="R2139"/>
                <link object="O1655" reference="R2139"/>
                <link object="O1641" reference="R2139"/>
            </link_list>
        </object_info>
        <object_info id="O1628">
            <object class="SBlPackagePropertyReference">
                <field_list>
                    <field name="depotObjectId">218</field>
                    <field name="depotObjectVersionId">1</field>
                    <field name="sequenceId">0</field>
                    <field name="blValueId">2065079</field>
                    <field name="deleted">false</field>
                </field_list>
            </object>
        </object_info>
        <object_info id="O1634">
            <object class="SPropertyReference">
                <field_list>
                    <field name="blValueId">2065079</field>
                    <field name="referencePath"><![CDATA[]]></field>
                    <field name="deleted">false</field>
                </field_list>
            </object>
            <link_list>
                <link object="O1636" reference="R1875"/>
            </link_list>
        </object_info>
        <object_info id="O1636">
            <object class="SPropertyReferenceProperty">
                <field_list>
                    <field name="blValueId">2065079</field>
                    <field name="sequenceId">0</field>
                    <field name="propertyId">10005080</field>
                    <field name="deleted">false</field>
                </field_list>
            </object>
        </object_info>
        <object_info id="O1643">
            <object class="SBlValue">
                <field_list>
                    <field name="blValueId">2065080</field>
                    <field name="dataTypeId">2</field>
                    <field name="objectTypeId">6005</field>
                    <field name="valueNull">false</field>
                    <field name="deleted">false</field>
                </field_list>
            </object>
            <link_list>
                <link object="O1647" reference="R1861"/>
                <link object="O1647" reference="R1863"/>
                <link object="O1641" reference="R2188"/>
            </link_list>
        </object_info>
        <object_info id="O1641">
            <object class="SBlPackagePropertyReference">
                <field_list>
                    <field name="depotObjectId">218</field>
                    <field name="depotObjectVersionId">1</field>
                    <field name="sequenceId">1</field>
                    <field name="blValueId">2065080</field>
                    <field name="deleted">false</field>
                </field_list>
            </object>
        </object_info>
        <object_info id="O1647">
            <object class="SPropertyReference">
                <field_list>
                    <field name="blValueId">2065080</field>
                    <field name="referencePath"><![CDATA[]]></field>
                    <field name="deleted">false</field>
                </field_list>
            </object>
            <link_list>
                <link object="O1648" reference="R1875"/>
            </link_list>
        </object_info>
        <object_info id="O1648">
            <object class="SPropertyReferenceProperty">
                <field_list>
                    <field name="blValueId">2065080</field>
                    <field name="sequenceId">0</field>
                    <field name="propertyId">10005074</field>
                    <field name="deleted">false</field>
                </field_list>
            </object>
        </object_info>
        <object_info id="O1656">
            <object class="SBlValue">
                <field_list>
                    <field name="blValueId">2065081</field>
                    <field name="dataTypeId">2</field>
                    <field name="objectTypeId">6005</field>
                    <field name="valueNull">false</field>
                    <field name="deleted">false</field>
                </field_list>
            </object>
            <link_list>
                <link object="O1658" reference="R1861"/>
                <link object="O1658" reference="R1863"/>
                <link object="O1655" reference="R2188"/>
            </link_list>
        </object_info>
        <object_info id="O1655">
            <object class="SBlPackagePropertyReference">
                <field_list>
                    <field name="depotObjectId">218</field>
                    <field name="depotObjectVersionId">1</field>
                    <field name="sequenceId">2</field>
                    <field name="blValueId">2065081</field>
                    <field name="deleted">false</field>
                </field_list>
            </object>
        </object_info>
        <object_info id="O1658">
            <object class="SPropertyReference">
                <field_list>
                    <field name="blValueId">2065081</field>
                    <field name="referencePath"><![CDATA[]]></field>
                    <field name="deleted">false</field>
                </field_list>
            </object>
            <link_list>
                <link object="O1660" reference="R1875"/>
            </link_list>
        </object_info>
        <object_info id="O1660">
            <object class="SPropertyReferenceProperty">
                <field_list>
                    <field name="blValueId">2065081</field>
                    <field name="sequenceId">0</field>
                    <field name="propertyId">10005075</field>
                    <field name="deleted">false</field>
                </field_list>
            </object>
        </object_info>
        <object_info id="O1672">
            <object class="SBlValue">
                <field_list>
                    <field name="blValueId">2065082</field>
                    <field name="dataTypeId">15</field>
                    <field name="objectTypeId">6005</field>
                    <field name="valueNull">false</field>
                    <field name="deleted">false</field>
                </field_list>
            </object>
            <link_list>
                <link object="O1679" reference="R1861"/>
                <link object="O1679" reference="R1863"/>
                <link object="O1668" reference="R2188"/>
            </link_list>
        </object_info>
        <object_info id="O1668">
            <object class="SBlPackagePropertyReference">
                <field_list>
                    <field name="depotObjectId">218</field>
                    <field name="depotObjectVersionId">1</field>
                    <field name="sequenceId">3</field>
                    <field name="blValueId">2065082</field>
                    <field name="deleted">false</field>
                </field_list>
            </object>
        </object_info>
        <object_info id="O1679">
            <object class="SPropertyReference">
                <field_list>
                    <field name="blValueId">2065082</field>
                    <field name="referencePath"><![CDATA[]]></field>
                    <field name="deleted">false</field>
                </field_list>
            </object>
            <link_list>
                <link object="O1680" reference="R1875"/>
            </link_list>
        </object_info>
        <object_info id="O1680">
            <object class="SPropertyReferenceProperty">
                <field_list>
                    <field name="blValueId">2065082</field>
                    <field name="sequenceId">0</field>
                    <field name="propertyId">10005078</field>
                    <field name="deleted">false</field>
                </field_list>
            </object>
        </object_info>
        <object_info id="O1687">
            <object class="SBlValue">
                <field_list>
                    <field name="blValueId">2065083</field>
                    <field name="dataTypeId">1</field>
                    <field name="objectTypeId">6005</field>
                    <field name="valueNull">false</field>
                    <field name="deleted">false</field>
                </field_list>
            </object>
            <link_list>
                <link object="O1685" reference="R2188"/>
                <link object="O1693" reference="R1861"/>
                <link object="O1693" reference="R1863"/>
            </link_list>
        </object_info>
        <object_info id="O1685">
            <object class="SBlPackagePropertyReference">
                <field_list>
                    <field name="depotObjectId">218</field>
                    <field name="depotObjectVersionId">1</field>
                    <field name="sequenceId">4</field>
                    <field name="blValueId">2065083</field>
                    <field name="deleted">false</field>
                </field_list>
            </object>
        </object_info>
        <object_info id="O1693">
            <object class="SPropertyReference">
                <field_list>
                    <field name="blValueId">2065083</field>
                    <field name="referencePath"><![CDATA[]]></field>
                    <field name="deleted">false</field>
                </field_list>
            </object>
            <link_list>
                <link object="O1695" reference="R1875"/>
            </link_list>
        </object_info>
        <object_info id="O1695">
            <object class="SPropertyReferenceProperty">
                <field_list>
                    <field name="blValueId">2065083</field>
                    <field name="sequenceId">0</field>
                    <field name="propertyId">10005076</field>
                    <field name="deleted">false</field>
                </field_list>
            </object>
        </object_info>
        <object_info id="O1704">
            <object class="SBlValue">
                <field_list>
                    <field name="blValueId">2065084</field>
                    <field name="dataTypeId">2</field>
                    <field name="objectTypeId">6005</field>
                    <field name="valueNull">false</field>
                    <field name="deleted">false</field>
                </field_list>
            </object>
            <link_list>
                <link object="O1708" reference="R1861"/>
                <link object="O1708" reference="R1863"/>
                <link object="O1703" reference="R2188"/>
            </link_list>
        </object_info>
        <object_info id="O1703">
            <object class="SBlPackagePropertyReference">
                <field_list>
                    <field name="depotObjectId">218</field>
                    <field name="depotObjectVersionId">1</field>
                    <field name="sequenceId">5</field>
                    <field name="blValueId">2065084</field>
                    <field name="deleted">false</field>
                </field_list>
            </object>
        </object_info>
        <object_info id="O1708">
            <object class="SPropertyReference">
                <field_list>
                    <field name="blValueId">2065084</field>
                    <field name="referencePath"><![CDATA[]]></field>
                    <field name="deleted">false</field>
                </field_list>
            </object>
            <link_list>
                <link object="O1710" reference="R1875"/>
            </link_list>
        </object_info>
        <object_info id="O1710">
            <object class="SPropertyReferenceProperty">
                <field_list>
                    <field name="blValueId">2065084</field>
                    <field name="sequenceId">0</field>
                    <field name="propertyId">10005077</field>
                    <field name="deleted">false</field>
                </field_list>
            </object>
        </object_info>
        <object_info id="O1730">
            <object class="SDepotObjectLocation">
                <field_list>
                    <field name="depotObjectLocationId">181</field>
                    <field name="depotObjectId">218</field>
                    <field name="depotObjectVersionId">1</field>
                    <field name="depotObjectLocationTypeId">0</field>
                    <field name="fileLocationId">425</field>
                    <field name="blfileId">null</field>
                    <field name="remotePath"><![CDATA[]]></field>
                    <field name="remotePathParameterized">false</field>
                    <field name="deleted">false</field>
                </field_list>
            </object>
        </object_info>
        <object_info id="O1731">
            <object class="SFileLocation">
                <field_list>
                    <field name="fileLocationId">425</field>
                    <field name="fileServerId">1</field>
                    <field name="relativePath"><![CDATA[blpackages/fee84c1e-51eb-417f-a5f7-9ee2fb38aeae]]></field>
                    <field name="deleted">false</field>
                </field_list>
            </object>
        </object_info>
    </object_list>
</model_object_graph>
