<?xml version="1.0" encoding="UTF-8" standalone="yes"?>

<BLPACKAGE CreatedBy="BLAdmin" CreatedDate="2013/10/01 10:01:52" SchemaVersion="2.0">
   <COMPONENT Action="Add" ItemId="1" Name="Tomcat (devops-jee-dev)" SourceHost="devops-jee-dev" ComponentId="0">
      <CONFIGFILE Action="Add" ItemId="1.1" Path="??TOMCAT_HOME??/conf/server.xml">
         <GrammarFile>grammars/xml.gm</GrammarFile>
         <SourceDataFilePath>grammars/xml.gm</SourceDataFilePath>
         <DataFilePath>grammars/xml.gm</DataFilePath>
         <Encoding></Encoding>
         <CONFIGKEY Action="Add" ItemId="1.1.1" Path="??TOMCAT_HOME??/conf/server.xml//Server">
            <RuleNum>0</RuleNum>
            <Value Id="0">Server</Value>
            <Value Id="1">port</Value>
            <Value Id="2">8105</Value>
            <Value Id="3">shutdown</Value>
            <Value Id="4">SHUTDOWN</Value>
            <CONFIGKEY Action="Add" ItemId="1.1.1.1" Path="??TOMCAT_HOME??/conf/server.xml//Server/Service">
               <RuleNum>1</RuleNum>
               <Value Id="0">Service</Value>
               <Value Id="1">name</Value>
               <Value Id="2">Catalina</Value>
               <CONFIGKEY Action="Add" ItemId="1.1.1.1.1" Path="??TOMCAT_HOME??/conf/server.xml//Server/Service/Connector">
                  <RuleNum>2</RuleNum>
                  <Value Id="0">Connector</Value>
                  <Value Id="1">connectionTimeout</Value>
                  <Value Id="2">20000</Value>
                  <Value Id="3">port</Value>
                  <Value Id="4">??TOMCAT_PORT??</Value>
                  <Value Id="5">protocol</Value>
                  <Value Id="6">HTTP/1.1</Value>
                  <Value Id="7">redirectPort</Value>
                  <Value Id="8">??TOMCAT_REDIRECTPORT??</Value>
               </CONFIGKEY>
            </CONFIGKEY>
         </CONFIGKEY>
      </CONFIGFILE>
   </COMPONENT>
</BLPACKAGE>
