<?xml version="1.0" encoding="UTF-8" standalone="yes"?>

<BLPACKAGE CreatedBy="BLAdmin" CreatedDate="2014/05/19 08:49:51" SchemaVersion="2.0">
   <EXTERNALCMD ItemId="1">
      <Name>Copy File</Name>
      <Cmd>source=&quot;??SOURCE??&quot;&#xA;destination=&quot;??DESTINATION??&quot;&#xA;&#xA;[ &quot;${source:0:1}&quot; == &quot;.&quot; ] &amp;&amp; source=&quot;??DEPLOY_DIR??/$source&quot;&#xA;[ &quot;${destination:0:1}&quot; == &quot;.&quot; ] &amp;&amp; destination=&quot;??DEPLOY_DIR??/$destination&quot;&#xA;&#xA;cp -r &quot;$source&quot; &quot;$destination&quot;&#xA;exit $?</Cmd>
      <UndoCmd></UndoCmd>
      <ActionOnFailure>Abort</ActionOnFailure>
   </EXTERNALCMD>
</BLPACKAGE>
