<?xml version="1.0" encoding="UTF-8" standalone="yes"?>

<BLPACKAGE CreatedBy="BLAdmin" CreatedDate="2014/05/19 08:49:51" SchemaVersion="2.0">
   <EXTERNALCMD ItemId="1">
      <Name>Execute on Windows</Name>
      <Cmd>#![.ps1]powershell.exe -ExecutionPolicy Unrestricted -File&#xA;# Powershell script that uses Tomcat Manager URL interface to deploy an &#xA;# application.  &#xA;#&#xA;# Tomcat user must have &quot;manager-script&quot; role to use the tomcat_manager actions&#xA;# And autodeploy should be set to false.&#xA;#&#xA;# Requires the following properties to be set:&#xA;#	$TOMCAT_PORT  -- defaults to 8080&#xA;#	$TOMCAT_USERNAME&#xA;#	$TOMCAT_PASSWORD&#xA;# 	$TOMCAT_CONTEXT_ROOT  -- defaults to /&#xA;&#xA;&#xA;$tcport=??TOMCAT_PORT??&#xA;$tcuser=??TOMCAT_USER??&#xA;$tcpassword=??TOMCAT_PASSWORD??&#xA;$apppath=??ARCHIVE_FILE??&#xA;$rootpath=??DEPLOY_DIR??&#xA;$appname=??application??&#xA;&#xA;if ($tcport -eq $null) {&#xA;	$tcport=8080&#xA;}&#xA;&#xA;if ($tcuser -eq $null) {&#xA;	&quot;TOMCAT_USER environment variable not set&quot;&#xA;	exit(1)&#xA;}&#xA;&#xA;if ($tcPASSWORD -eq $null) {&#xA;	&quot;TOMCAT_PASSWORD environment variable not set&quot;&#xA;	exit(1)&#xA;}&#xA;&#xA;&#xA;$errorBase = $error[0];&#xA;&#xA;$url = &quot;http://localhost:&quot;+$tcport+&quot;/manager/deploy?path=&quot;+&quot;/&quot;+$appname+&quot;&amp;war=file:&quot;+$rootpath+&quot;/&quot;+$apppath&#xA;$url&#xA;$webclient = new-object System.Net.WebClient&#xA;$webclient.Credentials = new-object System.Net.NetworkCredential($tcuser, $tcpassword)&#xA;$result = $webclient.DownloadString($url)&#xA;&#xA;if($error[0] -ne $errorBase) {exit 1}&#xA;&#xA;if (!($result.Contains(&quot;OK - Deployed application&quot;))) {&#xA;	$host.ui.WriteErrorLine($result)&#xA;	exit(1)}&#xA;&#xA;$result&#xA;exit</Cmd>
      <UndoCmd></UndoCmd>
      <ActionOnFailure>Abort</ActionOnFailure>
   </EXTERNALCMD>
</BLPACKAGE>
