<?xml version="1.0" encoding="UTF-8" standalone="yes"?>

<BLPACKAGE CreatedBy="BLAdmin" CreatedDate="2013/02/14 04:06:13" SchemaVersion="2.0">
   <CUSTOMSOFTWARE Action="Add" ItemId="1" DepotObjectKey="89.1">
      <Name>apache-tomcat.tar.gz</Name>
      <Type>Custom Software</Type>
      <Cmd>mkdir -p &quot;??TOMCAT_INSTALL_DIR??&quot;&#xA;tar xzf &quot;89.1/apache-tomcat.tar.gz&quot; -C &quot;??TOMCAT_INSTALL_DIR??&quot; --strip-component=1</Cmd>
      <UndoCmd>rm -Rf &quot;??TOMCAT_INSTALL_DIR??&quot;</UndoCmd>
      <ActionOnFailure>Abort</ActionOnFailure>
      <URLType>0</URLType>
      <DataFilePath>89.1</DataFilePath>
      <SourceDataFilePath>//bl-appserver/C/Program Files/BMC Software/BladeLogic/NSH/storage/installables/89.1/apache-tomcat-7.0.35.tar.gz</SourceDataFilePath>
      <CopySourceToUndo>No</CopySourceToUndo>
   </CUSTOMSOFTWARE>
   <ASSET Action="Add" ItemId="2" Path="/tomcat" Name="tomcat" ActionOnFailure="Abort" class="BMC_UnixGroup" version="85000000">
      <condition_list>
         <condition name="Unix">
            <condition_element>
               <property_equals propertyName="??TARGET.OS??" propertyValue="Linux" type="String"/></condition_element>
            <condition_element>
               <property_equals propertyName="??TARGET.OS??" propertyValue="Solaris" type="String"/></condition_element>
            <condition_element>
               <property_equals propertyName="??TARGET.OS??" propertyValue="AIX" type="String"/></condition_element>
            <condition_element>
               <property_equals propertyName="??TARGET.OS??" propertyValue="HP-UX" type="String"/></condition_element>
         </condition>
      </condition_list>
      <aav name="gid" type="Integer">??TOMCAT_GID??</aav>
   </ASSET>
   <DIR Action="Add" ItemId="3" Path="??TOMCAT_INSTALL_DIR??/instances">
      <Attributes>1</Attributes>
      <Owner>0</Owner>
      <Group>??TOMCAT_GID??</Group>
      <Permissions>16893</Permissions>
      <CreatedDate>0</CreatedDate>
      <ModifiedDate>1404717550</ModifiedDate>
   </DIR>
</BLPACKAGE>
