<?xml version="1.0" encoding="UTF-8" standalone="yes"?>

<BLPACKAGE CreatedBy="BLAdmin" CreatedDate="2014/06/06 02:33:08" SchemaVersion="2.0">
   <EXTERNALCMD ItemId="1">
      <Name>Extract zip</Name>
      <Cmd>#!/bin/bash&#xA;#############################################################################&#xA;# Copyright @ 2013 BMC Software, Inc.                                       #&#xA;# This script is supplied as a template for performing the defined actions  #&#xA;# via the BMC Release Package Deployment System. This script is written     #&#xA;# to perform in most environments but may require changes to work correctly #&#xA;# in your specific environment.                                             #&#xA;#############################################################################&#xA;# Extract zip file to a POST_PATH&#xA;&#xA;archive_path=&quot;??ARCHIVE_FILE??&quot;&#xA;post_path=&quot;??POST_PATH??&quot;&#xA;&#xA;[ &quot;${archive_path:0:1}&quot; == &quot;.&quot; ] &amp;&amp; archive_path=&quot;??DEPLOY_DIR??/$archive_path&quot;&#xA;[ &quot;${post_path:0:1}&quot; == &quot;.&quot; ] &amp;&amp; post_path=&quot;??DEPLOY_DIR??/$post_path&quot;&#xA;&#xA;#&#xA;# create the directory, it does not exist at startup time. &#xA;#&#xA;&#xA;mkdir -p &quot;$post_path&quot;&#xA;cd &quot;$post_path&quot;&#xA;&#xA;echo unzip $archive_path&#xA;unzip -u &quot;$archive_path&quot;&#xA;&#xA;if [ $? -ne 0 ]; then&#xA;	echo &quot;Error extracting $archive_path&quot; 1&gt;&amp;2&#xA;	exit 1&#xA;fi</Cmd>
      <UndoCmd></UndoCmd>
      <ActionOnFailure>Abort</ActionOnFailure>
   </EXTERNALCMD>
</BLPACKAGE>
