<?xml version="1.0" encoding="UTF-8" standalone="yes"?>

<BLPACKAGE CreatedBy="BLAdmin" CreatedDate="2013/02/14 10:26:20" SchemaVersion="2.0">
   <ASSET Action="Add" ItemId="1" Path="/??TOMCAT_USER_OWNER??" Name="??TOMCAT_USER_OWNER??" ActionOnFailure="Abort" class="BMC_UnixUser" version="85000000">
      <condition_list>
         <condition name="Unix">
            <condition_element>
               <property_equals propertyName="??TARGET.OS??" propertyValue="Linux" type="String"/></condition_element>
            <condition_element>
               <property_equals propertyName="??TARGET.OS??" propertyValue="Solaris" type="String"/></condition_element>
            <condition_element>
               <property_equals propertyName="??TARGET.OS??" propertyValue="AIX" type="String"/></condition_element>
            <condition_element>
               <property_equals propertyName="??TARGET.OS??" propertyValue="HP-UX" type="String"/></condition_element>
         </condition>
      </condition_list>
      <aav name="uid" type="Integer">??TOMCAT_OWNER_UID??</aav>
      <aav name="warn" type="Integer">7</aav>
      <aav name="shell" type="String">/bin/bash</aav>
      <aav name="expirationDate" type="String">1969-12-31 00:00:00</aav>
      <aav name="groupNames" type="List"/>
      <aav name="homeDirectory" type="String">??TOMCAT_HOME??</aav>
      <aav name="inactiveLimit" type="Integer">-1</aav>
      <aav name="passwordState" type="Integer">1</aav>
      <aav name="primaryGroupName" type="String">tomcat</aav>
      <aav name="description" type="String">Tomcat service owner</aav>
      <aav name="maxDaysBetweenChanges" type="Integer">99999</aav>
      <aav name="minDaysBetweenChanges" type="Integer">0</aav>
   </ASSET>
   <EXTERNALCMD ItemId="2">
      <Name>create instance</Name>
      <Cmd>mkdir -p &quot;??TOMCAT_INSTALL_DIR??/instances/??TOMCAT_INSTANCE_NAME??/logs&quot;&#xA;mkdir &quot;??TOMCAT_INSTALL_DIR??/instances/??TOMCAT_INSTANCE_NAME??/webapps&quot;&#xA;mkdir &quot;??TOMCAT_INSTALL_DIR??/instances/??TOMCAT_INSTANCE_NAME??/work&quot;&#xA;mkdir &quot;??TOMCAT_INSTALL_DIR??/instances/??TOMCAT_INSTANCE_NAME??/temp&quot;&#xA;cp -R &quot;??TOMCAT_INSTALL_DIR??/conf&quot; &quot;??TOMCAT_INSTALL_DIR??/instances/??TOMCAT_INSTANCE_NAME??&quot;&#xA;cp -R &quot;??TOMCAT_INSTALL_DIR??/webapps/manager&quot; &quot;??TOMCAT_INSTALL_DIR??/instances/??TOMCAT_INSTANCE_NAME??/webapps&quot;&#xA;cp -R &quot;??TOMCAT_INSTALL_DIR??/webapps/host-manager&quot; &quot;??TOMCAT_INSTALL_DIR??/instances/??TOMCAT_INSTANCE_NAME??/webapps&quot;&#xA;chown -R ??TOMCAT_USER_OWNER??:tomcat &quot;??TOMCAT_INSTALL_DIR??/instances/??TOMCAT_INSTANCE_NAME??&quot;</Cmd>
      <UndoCmd>rm -Rf ??TOMCAT_INSTALL_DIR??/instances/??TOMCAT_INSTANCE_NAME??</UndoCmd>
      <ActionOnFailure>Abort</ActionOnFailure>
   </EXTERNALCMD>
   <CONFIGFILE Action="Add" ItemId="3" Path="??TOMCAT_INSTALL_DIR??/instances/??TOMCAT_INSTANCE_NAME??/conf/server.xml">
      <GrammarFile>grammars/xml.gm</GrammarFile>
      <SourceDataFilePath>grammars/xml.gm</SourceDataFilePath>
      <DataFilePath>grammars/xml.gm</DataFilePath>
      <Encoding></Encoding>
      <CONFIGKEY Action="Add" ItemId="3.1" Path="??TOMCAT_INSTALL_DIR??/instances/??TOMCAT_INSTANCE_NAME??/conf/server.xml//Server">
         <RuleNum>0</RuleNum>
         <Value Id="0">Server</Value>
         <Value Id="1">port</Value>
         <Value Id="2">??TOMCAT_SHDOWN_PORT??</Value>
         <Value Id="3">shutdown</Value>
         <Value Id="4">SHUTDOWN</Value>
         <CONFIGKEY Action="Add" ItemId="3.1.1" Path="??TOMCAT_INSTALL_DIR??/instances/??TOMCAT_INSTANCE_NAME??/conf/server.xml//Server/Service">
            <RuleNum>1</RuleNum>
            <Value Id="0">Service</Value>
            <Value Id="1">name</Value>
            <Value Id="2">Catalina</Value>
            <CONFIGKEY Action="Add" ItemId="3.1.1.1" Path="??TOMCAT_INSTALL_DIR??/instances/??TOMCAT_INSTANCE_NAME??/conf/server.xml//Server/Service/Connector">
               <RuleNum>2</RuleNum>
               <Value Id="0">Connector</Value>
               <Value Id="1">connectionTimeout</Value>
               <Value Id="2">20000</Value>
               <Value Id="3">port</Value>
               <Value Id="4">??TOMCAT_PORT??</Value>
               <Value Id="5">protocol</Value>
               <Value Id="6">HTTP/1.1</Value>
               <Value Id="7">redirectPort</Value>
               <Value Id="8">??TOMCAT_REDIRECT_PORT??</Value>
            </CONFIGKEY>
            <CONFIGKEY Action="Add" ItemId="3.1.1.2" Path="??TOMCAT_INSTALL_DIR??/instances/??TOMCAT_INSTANCE_NAME??/conf/server.xml//Server/Service/Connector-1">
               <RuleNum>2</RuleNum>
               <Value Id="0">Connector</Value>
               <Value Id="1">port</Value>
               <Value Id="2">??TOMCAT_AJP_PORT??</Value>
               <Value Id="3">protocol</Value>
               <Value Id="4">AJP/1.3</Value>
               <Value Id="5">redirectPort</Value>
               <Value Id="6">??TOMCAT_REDIRECT_PORT??</Value>
            </CONFIGKEY>
            <CONFIGKEY Action="Add" ItemId="3.1.1.3" Path="??TOMCAT_INSTALL_DIR??/instances/??TOMCAT_INSTANCE_NAME??/conf/server.xml//Server/Service/Engine">
               <RuleNum>2</RuleNum>
               <Value Id="0">Engine</Value>
               <Value Id="1">defaultHost</Value>
               <Value Id="2">??TARGET.HOST??</Value>
               <Value Id="3">name</Value>
               <Value Id="4">Catalina</Value>
               <CONFIGKEY Action="Add" ItemId="3.1.1.3.1" Path="??TOMCAT_INSTALL_DIR??/instances/??TOMCAT_INSTANCE_NAME??/conf/server.xml//Server/Service/Engine/Host">
                  <RuleNum>3</RuleNum>
                  <Value Id="0">Host</Value>
                  <Value Id="1">appBase</Value>
                  <Value Id="2">webapps</Value>
                  <Value Id="3">autoDeploy</Value>
                  <Value Id="4">true</Value>
                  <Value Id="5">name</Value>
                  <Value Id="6">??TARGET.HOST??</Value>
                  <Value Id="7">unpackWARs</Value>
                  <Value Id="8">true</Value>
               </CONFIGKEY>
            </CONFIGKEY>
         </CONFIGKEY>
      </CONFIGKEY>
   </CONFIGFILE>
   <CONFIGFILE Action="Add" ItemId="4" Path="??TOMCAT_INSTALL_DIR??/instances/??TOMCAT_INSTANCE_NAME??/conf/tomcat-users.xml">
      <GrammarFile>grammars/xml.gm</GrammarFile>
      <SourceDataFilePath>grammars/xml.gm</SourceDataFilePath>
      <DataFilePath>grammars/xml.gm</DataFilePath>
      <Encoding></Encoding>
      <CONFIGKEY Action="Add" ItemId="4.1" Path="??TOMCAT_INSTALL_DIR??/instances/??TOMCAT_INSTANCE_NAME??/conf/tomcat-users.xml//tomcat-users">
         <RuleNum>0</RuleNum>
         <Value Id="0">tomcat-users</Value>
         <CONFIGKEY Action="Add" ItemId="4.1.1" Path="??TOMCAT_INSTALL_DIR??/instances/??TOMCAT_INSTANCE_NAME??/conf/tomcat-users.xml//tomcat-users/user">
            <RuleNum>1</RuleNum>
            <Value Id="0">user</Value>
            <Value Id="1">name</Value>
            <Value Id="2">??TOMCAT_USER??</Value>
            <Value Id="3">password</Value>
            <Value Id="4">??TOMCAT_PASSWORD??</Value>
            <Value Id="5">roles</Value>
            <Value Id="6">admin-gui,admin-script,manager-gui,manager-script,manager-jmx,manager-status</Value>
         </CONFIGKEY>
      </CONFIGKEY>
   </CONFIGFILE>
   <EXTERNALCMD ItemId="5">
      <Name>create startup script</Name>
      <Cmd>echo '#!/bin/bash  &#xA;# description: Tomcat Start Stop Restart  &#xA;# processname: tomcat  &#xA;# chkconfig: 345 20 80   &#xA;JAVA_HOME=&quot;??JAVA_HOME??&quot;&#xA;export JAVA_HOME   &#xA;PATH=&quot;$JAVA_HOME/bin:$PATH&quot;   &#xA;export PATH   &#xA;CATALINA_HOME=&quot;??TOMCAT_INSTALL_DIR??&quot;&#xA;CATALINA_BASE=&quot;??TOMCAT_HOME??&quot;&#xA;CATALINA_PID=&quot;/var/tmp/??TOMCAT_INSTANCE_NAME??.pid&quot;&#xA;export CATALINA_HOME CATALINA_BASE CATALINA_PID&#xA;&#xA;case $1 in  &#xA;start)   &#xA;su ??TOMCAT_USER_OWNER?? -c &quot;$CATALINA_HOME/bin/startup.sh&quot;&#xA;;;    &#xA;stop)      &#xA;su ??TOMCAT_USER_OWNER?? -c &quot;$CATALINA_HOME/bin/shutdown.sh&quot; &#xA;;;    &#xA;restart)   &#xA;su ??TOMCAT_USER_OWNER?? -c &quot;$CATALINA_HOME/bin/startup.sh&quot;&#xA;su ??TOMCAT_USER_OWNER?? -c &quot;$CATALINA_HOME/bin/shutdown.sh&quot; &#xA;;;    &#xA;esac       &#xA;exit 0' &gt;/etc/init.d/tomcat??TOMCAT_INSTANCE_NAME??&#xA;chmod +x /etc/init.d/tomcat??TOMCAT_INSTANCE_NAME??</Cmd>
      <UndoCmd>rm -f /etc/init.d/tomcat??TOMCAT_INSTANCE_NAME??</UndoCmd>
      <ActionOnFailure>Abort</ActionOnFailure>
   </EXTERNALCMD>
   <EXTERNALCMD ItemId="6">
      <Name>Start Tomcat instance</Name>
      <Cmd>chkconfig --add tomcat??TOMCAT_INSTANCE_NAME??&#xA;[ &quot;??TOMCAT_START??&quot; == &quot;true&quot; ] &amp;&amp; service tomcat??TOMCAT_INSTANCE_NAME?? start&#xA;sleep 5</Cmd>
      <UndoCmd>service tomcat??TOMCAT_INSTANCE_NAME?? stop&#xA;chkconfig --del tomcat??TOMCAT_INSTANCE_NAME??</UndoCmd>
      <ActionOnFailure>Abort</ActionOnFailure>
   </EXTERNALCMD>
</BLPACKAGE>
