<?xml version="1.0" encoding="UTF-8"?>
<!DOCTYPE mapping SYSTEM "file://bladelogic.com/dtds/Import-Mapping.dtd">
<mapping>
    <grouped_object_mapping>
        <source_object>
            <object_type>BLPACKAGE</object_type>
            <object_name>ExtractZip-Unix</object_name>
            <group_id>2000215</group_id>
        </source_object>
        <!--This is the path to the group into which the object will be imported-->
        <containing_group>/BRPM/Actions/MySQL</containing_group>
    </grouped_object_mapping>
</mapping>
