<?xml version="1.0" encoding="UTF-8" standalone="yes"?>

<BLPACKAGE CreatedBy="BLAdmin" CreatedDate="2014/05/19 08:49:51" SchemaVersion="2.0">
   <EXTERNALCMD ItemId="1">
      <Name>Execute SQL scripts</Name>
      <Cmd>#############################################################################&#xA;# This script is supplied as a template to execute SQL script on MySQL. This script is written  #&#xA;# to perform in most environments but may require changes to work correctly #&#xA;# in your specific environment.                                             #&#xA;#############################################################################&#xA;#&#xA;# feed SQL content to mysql for execution&#xA;#&#xA;# Environment variables&#xA;#   MYSQL_USERNAME	username to use for mysql&#xA;#   MYSQL_PASSWORD	password to use for mysql&#xA;#   MYSQL_SERVER	hostname to connect to, default is localhost&#xA;&#xA;MYSQL_USERNAME=??MYSQL_USER??&#xA;MYSQL_PASSWORD=??MYSQL_PASSWORD??&#xA;MYSQL_SERVER=??MYSQL_SERVER??&#xA;MYSQL_DATABASE=??MYSQL_DATABASE??&#xA;SCRIPT_PATH=??SQL_SCRIPT_PATH??&#xA;&#xA;[ &quot;${SCRIPT_PATH:0:1}&quot; == &quot;.&quot; ] &amp;&amp; SCRIPT_PATH=&quot;??DEPLOY_DIR??/$SCRIPT_PATH&quot;&#xA;&#xA;if [ ! -z &quot;$MYSQL_USERNAME&quot; ]&#xA;then&#xA;    MYSQL_USERNAME=&quot;-u$MYSQL_USERNAME&quot;&#xA;fi&#xA;if [ ! -z &quot;$MYSQL_PASSWORD&quot; ]&#xA;then&#xA;    MYSQL_PASSWORD=&quot;-p$MYSQL_PASSWORD&quot;&#xA;fi&#xA;if [ ! -z &quot;$MYSQL_SERVER&quot; ]&#xA;then&#xA;    MYSQL_SERVER=&quot;-h $MYSQL_SERVER&quot;&#xA;fi&#xA;&#xA;if [ -f &quot;$SCRIPT_PATH&quot; ]&#xA;then&#xA;  echo &quot;mysql $MYSQL_USERNAME $MYSQL_PASSWORD $MYSQL_SERVER $MYSQL_DATABASE &lt; $SCRIPT_PATH&quot;&#xA;  mysql $MYSQL_USERNAME $MYSQL_PASSWORD $MYSQL_SERVER $MYSQL_DATABASE &lt; $SCRIPT_PATH&#xA;  exit $?&#xA;else&#xA;  for i in $SCRIPT_PATH/*.sql&#xA;    do&#xA;      echo &quot;mysql $MYSQL_USERNAME $MYSQL_PASSWORD $MYSQL_SERVER $MYSQL_DATABASE &lt; $i&quot;&#xA;      mysql $MYSQL_USERNAME $MYSQL_PASSWORD $MYSQL_SERVER $MYSQL_DATABASE &lt; $i&#xA;      if [ $? -gt 0 ]&#xA;        then&#xA;           exit 1&#xA;        fi&#xA;    done&#xA;fi</Cmd>
      <UndoCmd></UndoCmd>
      <ActionOnFailure>Abort</ActionOnFailure>
   </EXTERNALCMD>
</BLPACKAGE>
