<?xml version="1.0" encoding="UTF-8"?>
<!DOCTYPE model_object_graph SYSTEM "file://bladelogic.com/dtds/BLObjectGraph_v01.dtd">
<model_object_graph blmodel_version="8.5">
    <source_key>DBKey:SDepotObjectKeyImpl:229-1</source_key>
    <exclude_list>
        <exclude_type>600</exclude_type>
    </exclude_list>
    <relationship_list>
        <reference FK="true" id="R2146" source="SDepotObject"
            target="SBlValue" type="external_part">
            <field_map_list>
                <field_map>
                    <local_field_name>blValueId</local_field_name>
                    <target_field_name>blValueId</target_field_name>
                </field_map>
            </field_map_list>
        </reference>
        <reference FK="true" id="R2153" local_id="4"
            source="SDepotObject" target="SDataType" type="dependency">
            <field_map_list>
                <field_map>
                    <local_field_name>dataTypeId</local_field_name>
                    <target_field_name>dataTypeId</target_field_name>
                </field_map>
            </field_map_list>
        </reference>
        <reference FK="true" id="R2154" local_id="2"
            source="SDepotObject" target="SDataType" type="dependency">
            <field_map_list>
                <field_map>
                    <local_field_name>dataTypeId</local_field_name>
                    <target_field_name>dataTypeId</target_field_name>
                </field_map>
            </field_map_list>
        </reference>
        <reference FK="true" id="R2136" source="SDepotObject"
            target="SDataType" type="external_part">
            <field_map_list>
                <field_map>
                    <local_field_name>dataTypeId</local_field_name>
                    <target_field_name>dataTypeId</target_field_name>
                </field_map>
            </field_map_list>
        </reference>
        <reference FK="true" id="R2155" local_id="3"
            source="SDepotObject" target="SDataType" type="dependency">
            <field_map_list>
                <field_map>
                    <local_field_name>dataTypeId</local_field_name>
                    <target_field_name>dataTypeId</target_field_name>
                </field_map>
            </field_map_list>
        </reference>
        <reference FK="true" id="R2152" local_id="5"
            source="SDepotObject" target="SDataType" type="dependency">
            <field_map_list>
                <field_map>
                    <local_field_name>dataTypeId</local_field_name>
                    <target_field_name>dataTypeId</target_field_name>
                </field_map>
            </field_map_list>
        </reference>
        <reference FK="true" id="R2156" local_id="1"
            source="SDepotObject" target="SDataType" type="dependency">
            <field_map_list>
                <field_map>
                    <local_field_name>dataTypeId</local_field_name>
                    <target_field_name>dataTypeId</target_field_name>
                </field_map>
            </field_map_list>
        </reference>
        <reference FK="false" id="R1859" source="SPropertySetInstance"
            target="SBlValue" type="external_part">
            <field_map_list>
                <field_map>
                    <local_field_name>blValueId</local_field_name>
                    <target_field_name>blValueId</target_field_name>
                </field_map>
            </field_map_list>
        </reference>
        <reference FK="true" id="R1846" source="SPropertySetClass"
            target="SDataType" type="dependency">
            <field_map_list>
                <field_map>
                    <local_field_name>superTypeId</local_field_name>
                    <target_field_name>dataTypeId</target_field_name>
                </field_map>
            </field_map_list>
        </reference>
        <reference FK="false" id="R1836" source="SPropertySetClass"
            target="SDataType" type="external_part">
            <field_map_list>
                <field_map>
                    <local_field_name>dataTypeId</local_field_name>
                    <target_field_name>dataTypeId</target_field_name>
                </field_map>
            </field_map_list>
        </reference>
        <reference FK="true" id="R1855"
            source="SPropertySetClassDefaultValueMap" target="SProperty" type="dependency">
            <field_map_list>
                <field_map>
                    <local_field_name>propertyId</local_field_name>
                    <target_field_name>propertyId</target_field_name>
                </field_map>
            </field_map_list>
        </reference>
        <reference FK="true" id="R1854"
            source="SPropertySetClassDefaultValueMap" target="SBlValue" type="dependency">
            <field_map_list>
                <field_map>
                    <local_field_name>blValueId</local_field_name>
                    <target_field_name>blValueId</target_field_name>
                </field_map>
            </field_map_list>
        </reference>
        <reference FK="false" id="R1844"
            source="SPropertySetClassDefaultValueMap"
            target="SPropertySetClass" type="external_part">
            <field_map_list>
                <field_map>
                    <local_field_name>dataTypeId</local_field_name>
                    <target_field_name>dataTypeId</target_field_name>
                </field_map>
            </field_map_list>
        </reference>
        <reference FK="false" id="R1862" source="SPrimitiveBlValue"
            target="SBlValue" type="external_part">
            <field_map_list>
                <field_map>
                    <local_field_name>blValueId</local_field_name>
                    <target_field_name>blValueId</target_field_name>
                </field_map>
            </field_map_list>
        </reference>
        <reference FK="false" id="R1857" source="SEnumeratedBlValue"
            target="SBlValue" type="external_part">
            <field_map_list>
                <field_map>
                    <local_field_name>blValueId</local_field_name>
                    <target_field_name>blValueId</target_field_name>
                </field_map>
            </field_map_list>
        </reference>
        <reference FK="true" id="R1870" source="SEnumeratedBlValue"
            target="SBlValue" type="dependency">
            <field_map_list>
                <field_map>
                    <local_field_name>elementBlValueId</local_field_name>
                    <target_field_name>blValueId</target_field_name>
                </field_map>
            </field_map_list>
        </reference>
        <reference FK="false" id="R1843" source="SProperty"
            target="SPropertySetClass" type="external_part">
            <field_map_list>
                <field_map>
                    <local_field_name>classDataTypeId</local_field_name>
                    <target_field_name>dataTypeId</target_field_name>
                </field_map>
            </field_map_list>
        </reference>
        <reference FK="false" id="R2139"
            source="SBlPackagePropertyReference" target="SDepotObject" type="external_part">
            <field_map_list>
                <field_map>
                    <local_field_name>depotObjectId</local_field_name>
                    <target_field_name>depotObjectId</target_field_name>
                </field_map>
                <field_map>
                    <local_field_name>depotObjectVersionId</local_field_name>
                    <target_field_name>depotObjectVersionId</target_field_name>
                </field_map>
            </field_map_list>
        </reference>
        <reference FK="true" id="R2188" local_id="1"
            source="SBlPackagePropertyReference" target="SBlValue" type="external_part">
            <field_map_list>
                <field_map>
                    <local_field_name>blValueId</local_field_name>
                    <target_field_name>blValueId</target_field_name>
                </field_map>
            </field_map_list>
        </reference>
        <reference FK="false" id="R1861" local_id="1"
            source="SPropertyReference" target="SBlValue" type="external_part">
            <field_map_list>
                <field_map>
                    <local_field_name>blValueId</local_field_name>
                    <target_field_name>blValueId</target_field_name>
                </field_map>
            </field_map_list>
        </reference>
        <reference FK="false" id="R1863" local_id="2"
            source="SPropertyReference" target="SBlValue" type="external_part">
            <field_map_list>
                <field_map>
                    <local_field_name>blValueId</local_field_name>
                    <target_field_name>blValueId</target_field_name>
                </field_map>
            </field_map_list>
        </reference>
        <reference FK="false" id="R1875"
            source="SPropertyReferenceProperty"
            target="SPropertyReference" type="external_part">
            <field_map_list>
                <field_map>
                    <local_field_name>blValueId</local_field_name>
                    <target_field_name>blValueId</target_field_name>
                </field_map>
            </field_map_list>
        </reference>
        <reference FK="true" id="R1877"
            source="SPropertyReferenceProperty" target="SProperty" type="dependency">
            <field_map_list>
                <field_map>
                    <local_field_name>propertyId</local_field_name>
                    <target_field_name>propertyId</target_field_name>
                </field_map>
            </field_map_list>
        </reference>
        <reference FK="true" id="R2183" source="SDepotObjectLocation"
            target="SDepotObject" type="dependency">
            <field_map_list>
                <field_map>
                    <local_field_name>depotObjectId</local_field_name>
                    <target_field_name>depotObjectId</target_field_name>
                </field_map>
                <field_map>
                    <local_field_name>depotObjectVersionId</local_field_name>
                    <target_field_name>depotObjectVersionId</target_field_name>
                </field_map>
            </field_map_list>
        </reference>
        <reference FK="false" id="R2138" source="SDepotObjectLocation"
            target="SDepotObject" type="external_part">
            <field_map_list>
                <field_map>
                    <local_field_name>depotObjectId</local_field_name>
                    <target_field_name>depotObjectId</target_field_name>
                </field_map>
                <field_map>
                    <local_field_name>depotObjectVersionId</local_field_name>
                    <target_field_name>depotObjectVersionId</target_field_name>
                </field_map>
            </field_map_list>
        </reference>
    </relationship_list>
    <object_list>
        <object_info id="O6449">
            <object class="SBlValue">
                <field_list>
                    <field name="blValueId">2065945</field>
                    <field name="dataTypeId">1005</field>
                    <field name="objectTypeId">5319</field>
                    <field name="valueNull">false</field>
                    <field name="deleted">false</field>
                </field_list>
            </object>
            <link_list>
                <link object="O6448" reference="R2146"/>
                <link object="O6450" reference="R1859"/>
            </link_list>
        </object_info>
        <object_info id="O6450">
            <object class="SPropertySetInstance">
                <field_list>
                    <field name="blValueId">2065945</field>
                    <field name="blAclId">11301</field>
                    <field name="createdByRoleId">1000010</field>
                    <field name="createdByUserId">1000010</field>
                    <field name="modifiedByRoleId">1000010</field>
                    <field name="modifiedByUserId">1000010</field>
                    <field name="dataTypeId">1005</field>
                    <field name="name"><![CDATA[SQLExecution-Unix]]></field>
                    <field name="description"><![CDATA[]]></field>
                    <field name="deprecated">false</field>
                    <field name="dateCreated">2014/06/06 12:22:10-0500</field>
                    <field name="dateModified">2014/07/10 12:39:16-0500</field>
                    <field name="deleted">false</field>
                    <field name="synchronize">true</field>
                    <field name="anonymous">false</field>
                </field_list>
            </object>
        </object_info>
        <object_info id="O6482">
            <object class="SDataType">
                <field_list>
                    <field name="dataTypeId">1025</field>
                    <field name="objectTypeId">5318</field>
                    <field name="deleted">false</field>
                    <field name="builtIn">true</field>
                </field_list>
            </object>
            <link_list>
                <link object="O6454" reference="R1846"/>
            </link_list>
        </object_info>
        <object_info id="O6453">
            <object class="SDataType">
                <field_list>
                    <field name="dataTypeId">2001547</field>
                    <field name="objectTypeId">5318</field>
                    <field name="deleted">false</field>
                    <field name="builtIn">false</field>
                </field_list>
            </object>
            <link_list>
                <link object="O6448" reference="R2153"/>
                <link object="O6448" reference="R2154"/>
                <link object="O6448" reference="R2136"/>
                <link object="O6448" reference="R2155"/>
                <link object="O6448" reference="R2152"/>
                <link object="O6448" reference="R2156"/>
                <link object="O6454" reference="R1836"/>
            </link_list>
        </object_info>
        <object_info id="O6454">
            <object class="SPropertySetClass">
                <field_list>
                    <field name="dataTypeId">2001547</field>
                    <field name="superTypeId">1025</field>
                    <field name="createdByRoleId">1000010</field>
                    <field name="createdByUserId">1000010</field>
                    <field name="modifiedByRoleId">1000010</field>
                    <field name="modifiedByUserId">1000010</field>
                    <field name="blAclId">2000014</field>
                    <field name="name"><![CDATA[SQLExecution-Unix]]></field>
                    <field name="description"><![CDATA[]]></field>
                    <field name="abstract">false</field>
                    <field name="builtIn">false</field>
                    <field name="visible">true</field>
                    <field name="deprecated">false</field>
                    <field name="dateCreated">2014/06/06 12:22:10-0500</field>
                    <field name="dateModified">2014/07/10 12:39:15-0500</field>
                    <field name="instanceTableName"><![CDATA[]]></field>
                    <field name="deleted">false</field>
                    <field name="synchronize">true</field>
                    <field name="modelObject">true</field>
                    <field name="custom">false</field>
                    <field name="extendable">true</field>
                    <field name="anonymous">false</field>
                </field_list>
            </object>
            <link_list>
                <link object="O6464" reference="R1844"/>
                <link object="O6472" reference="R1843"/>
                <link object="O6466" reference="R1843"/>
                <link object="O6475" reference="R1843"/>
                <link object="O6463" reference="R1843"/>
                <link object="O6467" reference="R1844"/>
                <link object="O6470" reference="R1844"/>
                <link object="O6469" reference="R1843"/>
                <link object="O6461" reference="R1844"/>
                <link object="O6460" reference="R1843"/>
                <link object="O6455" reference="R1844"/>
                <link object="O6473" reference="R1844"/>
            </link_list>
        </object_info>
        <object_info id="O6460">
            <object class="SProperty">
                <field_list>
                    <field name="propertyId">10005113</field>
                    <field name="dataTypeId">15</field>
                    <field name="classDataTypeId">2001547</field>
                    <field name="createdByRoleId">1000010</field>
                    <field name="createdByUserId">1000010</field>
                    <field name="modifiedByRoleId">1000010</field>
                    <field name="modifiedByUserId">1000010</field>
                    <field name="name"><![CDATA[MYSQL_PASSWORD]]></field>
                    <field name="description"><![CDATA[Password of MYSQL_USER]]></field>
                    <field name="builtIn">false</field>
                    <field name="valueReadOnly">false</field>
                    <field name="valueRequired">false</field>
                    <field name="usedInReports">false</field>
                    <field name="deprecated">false</field>
                    <field name="dateCreated">2014/06/06 12:22:10-0500</field>
                    <field name="dateModified">2014/07/10 12:39:15-0500</field>
                    <field name="loadTypeId">1</field>
                    <field name="deleted">false</field>
                </field_list>
            </object>
            <link_list>
                <link object="O6515" reference="R1877"/>
                <link object="O6455" reference="R1855"/>
            </link_list>
        </object_info>
        <object_info id="O6456">
            <object class="SBlValue">
                <field_list>
                    <field name="blValueId">99</field>
                    <field name="dataTypeId">99</field>
                    <field name="objectTypeId">6007</field>
                    <field name="valueNull">true</field>
                    <field name="deleted">false</field>
                </field_list>
            </object>
            <link_list>
                <link object="O6458" reference="R1857"/>
                <link object="O6458" reference="R1870"/>
                <link object="O6464" reference="R1854"/>
                <link object="O6467" reference="R1854"/>
                <link object="O6461" reference="R1854"/>
                <link object="O6457" reference="R1862"/>
                <link object="O6473" reference="R1854"/>
                <link object="O6470" reference="R1854"/>
                <link object="O6455" reference="R1854"/>
            </link_list>
        </object_info>
        <object_info id="O6455">
            <object class="SPropertySetClassDefaultValueMap">
                <field_list>
                    <field name="dataTypeId">2001547</field>
                    <field name="propertyId">10005113</field>
                    <field name="blValueId">99</field>
                    <field name="deleted">false</field>
                </field_list>
            </object>
        </object_info>
        <object_info id="O6457">
            <object class="SPrimitiveBlValue">
                <field_list>
                    <field name="blValueId">99</field>
                    <field name="dataTypeId">99</field>
                    <field name="metaChecksumHi">99</field>
                    <field name="metaChecksumLo">99</field>
                    <field name="value"><![CDATA[]]></field>
                    <field name="deleted">false</field>
                </field_list>
            </object>
        </object_info>
        <object_info id="O6458">
            <object class="SEnumeratedBlValue">
                <field_list>
                    <field name="blValueId">99</field>
                    <field name="elementBlValueId">99</field>
                    <field name="deleted">false</field>
                    <field name="sequenceId">0</field>
                    <field name="displayName"><![CDATA[]]></field>
                    <field name="displayStringSetId">null</field>
                    <field name="enumDeprecated">false</field>
                </field_list>
            </object>
        </object_info>
        <object_info id="O6463">
            <object class="SProperty">
                <field_list>
                    <field name="propertyId">10005114</field>
                    <field name="dataTypeId">2</field>
                    <field name="classDataTypeId">2001547</field>
                    <field name="createdByRoleId">1000010</field>
                    <field name="createdByUserId">1000010</field>
                    <field name="modifiedByRoleId">1000010</field>
                    <field name="modifiedByUserId">1000010</field>
                    <field name="name"><![CDATA[MYSQL_DATABASE]]></field>
                    <field name="description"><![CDATA[MySQL databqse name on which the scripts have to be run]]></field>
                    <field name="builtIn">false</field>
                    <field name="valueReadOnly">false</field>
                    <field name="valueRequired">false</field>
                    <field name="usedInReports">false</field>
                    <field name="deprecated">false</field>
                    <field name="dateCreated">2014/06/06 12:22:10-0500</field>
                    <field name="dateModified">2014/07/10 12:39:15-0500</field>
                    <field name="loadTypeId">1</field>
                    <field name="deleted">false</field>
                </field_list>
            </object>
            <link_list>
                <link object="O6461" reference="R1855"/>
                <link object="O6503" reference="R1877"/>
            </link_list>
        </object_info>
        <object_info id="O6461">
            <object class="SPropertySetClassDefaultValueMap">
                <field_list>
                    <field name="dataTypeId">2001547</field>
                    <field name="propertyId">10005114</field>
                    <field name="blValueId">99</field>
                    <field name="deleted">false</field>
                </field_list>
            </object>
        </object_info>
        <object_info id="O6466">
            <object class="SProperty">
                <field_list>
                    <field name="propertyId">10005115</field>
                    <field name="dataTypeId">2</field>
                    <field name="classDataTypeId">2001547</field>
                    <field name="createdByRoleId">1000010</field>
                    <field name="createdByUserId">1000010</field>
                    <field name="modifiedByRoleId">1000010</field>
                    <field name="modifiedByUserId">1000010</field>
                    <field name="name"><![CDATA[MYSQL_USER]]></field>
                    <field name="description"><![CDATA[MySQL user to be used to connect for executing scripts]]></field>
                    <field name="builtIn">false</field>
                    <field name="valueReadOnly">false</field>
                    <field name="valueRequired">false</field>
                    <field name="usedInReports">false</field>
                    <field name="deprecated">false</field>
                    <field name="dateCreated">2014/06/06 12:22:10-0500</field>
                    <field name="dateModified">2014/07/10 12:39:15-0500</field>
                    <field name="loadTypeId">1</field>
                    <field name="deleted">false</field>
                </field_list>
            </object>
            <link_list>
                <link object="O6464" reference="R1855"/>
                <link object="O6497" reference="R1877"/>
            </link_list>
        </object_info>
        <object_info id="O6464">
            <object class="SPropertySetClassDefaultValueMap">
                <field_list>
                    <field name="dataTypeId">2001547</field>
                    <field name="propertyId">10005115</field>
                    <field name="blValueId">99</field>
                    <field name="deleted">false</field>
                </field_list>
            </object>
        </object_info>
        <object_info id="O6469">
            <object class="SProperty">
                <field_list>
                    <field name="propertyId">10005116</field>
                    <field name="dataTypeId">2</field>
                    <field name="classDataTypeId">2001547</field>
                    <field name="createdByRoleId">1000010</field>
                    <field name="createdByUserId">1000010</field>
                    <field name="modifiedByRoleId">1000010</field>
                    <field name="modifiedByUserId">1000010</field>
                    <field name="name"><![CDATA[SQL_SCRIPT_PATH]]></field>
                    <field name="description"><![CDATA[Path to the SQL script or to directory containing SQL scripts. If it is a directory, the scripts are executed in alphabetical order. If path start by . , then path is considered to be relative from DEPLOY_DIR]]></field>
                    <field name="builtIn">false</field>
                    <field name="valueReadOnly">false</field>
                    <field name="valueRequired">false</field>
                    <field name="usedInReports">false</field>
                    <field name="deprecated">false</field>
                    <field name="dateCreated">2014/06/06 12:22:10-0500</field>
                    <field name="dateModified">2014/07/10 12:39:15-0500</field>
                    <field name="loadTypeId">1</field>
                    <field name="deleted">false</field>
                </field_list>
            </object>
            <link_list>
                <link object="O6491" reference="R1877"/>
                <link object="O6467" reference="R1855"/>
            </link_list>
        </object_info>
        <object_info id="O6467">
            <object class="SPropertySetClassDefaultValueMap">
                <field_list>
                    <field name="dataTypeId">2001547</field>
                    <field name="propertyId">10005116</field>
                    <field name="blValueId">99</field>
                    <field name="deleted">false</field>
                </field_list>
            </object>
        </object_info>
        <object_info id="O6472">
            <object class="SProperty">
                <field_list>
                    <field name="propertyId">10005117</field>
                    <field name="dataTypeId">2</field>
                    <field name="classDataTypeId">2001547</field>
                    <field name="createdByRoleId">1000010</field>
                    <field name="createdByUserId">1000010</field>
                    <field name="modifiedByRoleId">1000010</field>
                    <field name="modifiedByUserId">1000010</field>
                    <field name="name"><![CDATA[DEPLOY_DIR]]></field>
                    <field name="description"><![CDATA[Staging directory where files may be located, can be useless, depend of target and automation cycle]]></field>
                    <field name="builtIn">false</field>
                    <field name="valueReadOnly">false</field>
                    <field name="valueRequired">false</field>
                    <field name="usedInReports">false</field>
                    <field name="deprecated">false</field>
                    <field name="dateCreated">2014/06/06 12:22:10-0500</field>
                    <field name="dateModified">2014/07/10 12:39:15-0500</field>
                    <field name="loadTypeId">1</field>
                    <field name="deleted">false</field>
                </field_list>
            </object>
            <link_list>
                <link object="O6470" reference="R1855"/>
                <link object="O6509" reference="R1877"/>
            </link_list>
        </object_info>
        <object_info id="O6470">
            <object class="SPropertySetClassDefaultValueMap">
                <field_list>
                    <field name="dataTypeId">2001547</field>
                    <field name="propertyId">10005117</field>
                    <field name="blValueId">99</field>
                    <field name="deleted">false</field>
                </field_list>
            </object>
        </object_info>
        <object_info id="O6475">
            <object class="SProperty">
                <field_list>
                    <field name="propertyId">10005118</field>
                    <field name="dataTypeId">2</field>
                    <field name="classDataTypeId">2001547</field>
                    <field name="createdByRoleId">1000010</field>
                    <field name="createdByUserId">1000010</field>
                    <field name="modifiedByRoleId">1000010</field>
                    <field name="modifiedByUserId">1000010</field>
                    <field name="name"><![CDATA[MYSQL_SERVER]]></field>
                    <field name="description"><![CDATA[MySQL server name on which to connect. Can be local host if target is the MySQL server]]></field>
                    <field name="builtIn">false</field>
                    <field name="valueReadOnly">false</field>
                    <field name="valueRequired">false</field>
                    <field name="usedInReports">false</field>
                    <field name="deprecated">false</field>
                    <field name="dateCreated">2014/06/06 12:22:10-0500</field>
                    <field name="dateModified">2014/07/10 12:39:15-0500</field>
                    <field name="loadTypeId">1</field>
                    <field name="deleted">false</field>
                </field_list>
            </object>
            <link_list>
                <link object="O6521" reference="R1877"/>
                <link object="O6473" reference="R1855"/>
            </link_list>
        </object_info>
        <object_info id="O6473">
            <object class="SPropertySetClassDefaultValueMap">
                <field_list>
                    <field name="dataTypeId">2001547</field>
                    <field name="propertyId">10005118</field>
                    <field name="blValueId">99</field>
                    <field name="deleted">false</field>
                </field_list>
            </object>
        </object_info>
        <object_info id="O6448">
            <object class="SDepotObject">
                <field_list>
                    <field name="depotObjectId">229</field>
                    <field name="depotObjectVersionId">1</field>
                    <field name="blValueId">2065945</field>
                    <field name="guid">41fbc4c4-0283-4425-9878-60dcc142c28d</field>
                    <field name="groupId">2000215</field>
                    <field name="objectTypeId">28</field>
                    <field name="createdByRoleId">1000010</field>
                    <field name="createdByUserId">1000010</field>
                    <field name="modifiedByRoleId">1000010</field>
                    <field name="modifiedByUserId">1000010</field>
                    <field name="blAclId">2000015</field>
                    <field name="dataTypeId">2001547</field>
                    <field name="name"><![CDATA[SQLExecution-Unix]]></field>
                    <field name="description"><![CDATA[]]></field>
                    <field name="lockedByUserId">0</field>
                    <field name="savedExplicitly">true</field>
                    <field name="errors">false</field>
                    <field name="warnings">false</field>
                    <field name="latestVersion">true</field>
                    <field name="dateCreated">2014/06/06 12:22:10-0500</field>
                    <field name="dateModified">2014/07/10 12:39:16-0500</field>
                    <field name="deleted">false</field>
                </field_list>
            </object>
            <link_list>
                <link object="O6488" reference="R2139"/>
                <link object="O6524" reference="R2183"/>
                <link object="O6524" reference="R2138"/>
                <link object="O6512" reference="R2139"/>
                <link object="O6518" reference="R2139"/>
                <link object="O6506" reference="R2139"/>
                <link object="O6494" reference="R2139"/>
                <link object="O6500" reference="R2139"/>
            </link_list>
        </object_info>
        <object_info id="O6489">
            <object class="SBlValue">
                <field_list>
                    <field name="blValueId">2072625</field>
                    <field name="dataTypeId">2</field>
                    <field name="objectTypeId">6005</field>
                    <field name="valueNull">false</field>
                    <field name="deleted">false</field>
                </field_list>
            </object>
            <link_list>
                <link object="O6488" reference="R2188"/>
                <link object="O6490" reference="R1861"/>
                <link object="O6490" reference="R1863"/>
            </link_list>
        </object_info>
        <object_info id="O6488">
            <object class="SBlPackagePropertyReference">
                <field_list>
                    <field name="depotObjectId">229</field>
                    <field name="depotObjectVersionId">1</field>
                    <field name="sequenceId">0</field>
                    <field name="blValueId">2072625</field>
                    <field name="deleted">false</field>
                </field_list>
            </object>
        </object_info>
        <object_info id="O6490">
            <object class="SPropertyReference">
                <field_list>
                    <field name="blValueId">2072625</field>
                    <field name="referencePath"><![CDATA[]]></field>
                    <field name="deleted">false</field>
                </field_list>
            </object>
            <link_list>
                <link object="O6491" reference="R1875"/>
            </link_list>
        </object_info>
        <object_info id="O6491">
            <object class="SPropertyReferenceProperty">
                <field_list>
                    <field name="blValueId">2072625</field>
                    <field name="sequenceId">0</field>
                    <field name="propertyId">10005116</field>
                    <field name="deleted">false</field>
                </field_list>
            </object>
        </object_info>
        <object_info id="O6495">
            <object class="SBlValue">
                <field_list>
                    <field name="blValueId">2072626</field>
                    <field name="dataTypeId">2</field>
                    <field name="objectTypeId">6005</field>
                    <field name="valueNull">false</field>
                    <field name="deleted">false</field>
                </field_list>
            </object>
            <link_list>
                <link object="O6496" reference="R1861"/>
                <link object="O6496" reference="R1863"/>
                <link object="O6494" reference="R2188"/>
            </link_list>
        </object_info>
        <object_info id="O6494">
            <object class="SBlPackagePropertyReference">
                <field_list>
                    <field name="depotObjectId">229</field>
                    <field name="depotObjectVersionId">1</field>
                    <field name="sequenceId">1</field>
                    <field name="blValueId">2072626</field>
                    <field name="deleted">false</field>
                </field_list>
            </object>
        </object_info>
        <object_info id="O6496">
            <object class="SPropertyReference">
                <field_list>
                    <field name="blValueId">2072626</field>
                    <field name="referencePath"><![CDATA[]]></field>
                    <field name="deleted">false</field>
                </field_list>
            </object>
            <link_list>
                <link object="O6497" reference="R1875"/>
            </link_list>
        </object_info>
        <object_info id="O6497">
            <object class="SPropertyReferenceProperty">
                <field_list>
                    <field name="blValueId">2072626</field>
                    <field name="sequenceId">0</field>
                    <field name="propertyId">10005115</field>
                    <field name="deleted">false</field>
                </field_list>
            </object>
        </object_info>
        <object_info id="O6501">
            <object class="SBlValue">
                <field_list>
                    <field name="blValueId">2072627</field>
                    <field name="dataTypeId">2</field>
                    <field name="objectTypeId">6005</field>
                    <field name="valueNull">false</field>
                    <field name="deleted">false</field>
                </field_list>
            </object>
            <link_list>
                <link object="O6502" reference="R1861"/>
                <link object="O6502" reference="R1863"/>
                <link object="O6500" reference="R2188"/>
            </link_list>
        </object_info>
        <object_info id="O6500">
            <object class="SBlPackagePropertyReference">
                <field_list>
                    <field name="depotObjectId">229</field>
                    <field name="depotObjectVersionId">1</field>
                    <field name="sequenceId">2</field>
                    <field name="blValueId">2072627</field>
                    <field name="deleted">false</field>
                </field_list>
            </object>
        </object_info>
        <object_info id="O6502">
            <object class="SPropertyReference">
                <field_list>
                    <field name="blValueId">2072627</field>
                    <field name="referencePath"><![CDATA[]]></field>
                    <field name="deleted">false</field>
                </field_list>
            </object>
            <link_list>
                <link object="O6503" reference="R1875"/>
            </link_list>
        </object_info>
        <object_info id="O6503">
            <object class="SPropertyReferenceProperty">
                <field_list>
                    <field name="blValueId">2072627</field>
                    <field name="sequenceId">0</field>
                    <field name="propertyId">10005114</field>
                    <field name="deleted">false</field>
                </field_list>
            </object>
        </object_info>
        <object_info id="O6507">
            <object class="SBlValue">
                <field_list>
                    <field name="blValueId">2072628</field>
                    <field name="dataTypeId">2</field>
                    <field name="objectTypeId">6005</field>
                    <field name="valueNull">false</field>
                    <field name="deleted">false</field>
                </field_list>
            </object>
            <link_list>
                <link object="O6508" reference="R1861"/>
                <link object="O6508" reference="R1863"/>
                <link object="O6506" reference="R2188"/>
            </link_list>
        </object_info>
        <object_info id="O6506">
            <object class="SBlPackagePropertyReference">
                <field_list>
                    <field name="depotObjectId">229</field>
                    <field name="depotObjectVersionId">1</field>
                    <field name="sequenceId">3</field>
                    <field name="blValueId">2072628</field>
                    <field name="deleted">false</field>
                </field_list>
            </object>
        </object_info>
        <object_info id="O6508">
            <object class="SPropertyReference">
                <field_list>
                    <field name="blValueId">2072628</field>
                    <field name="referencePath"><![CDATA[]]></field>
                    <field name="deleted">false</field>
                </field_list>
            </object>
            <link_list>
                <link object="O6509" reference="R1875"/>
            </link_list>
        </object_info>
        <object_info id="O6509">
            <object class="SPropertyReferenceProperty">
                <field_list>
                    <field name="blValueId">2072628</field>
                    <field name="sequenceId">0</field>
                    <field name="propertyId">10005117</field>
                    <field name="deleted">false</field>
                </field_list>
            </object>
        </object_info>
        <object_info id="O6513">
            <object class="SBlValue">
                <field_list>
                    <field name="blValueId">2072629</field>
                    <field name="dataTypeId">15</field>
                    <field name="objectTypeId">6005</field>
                    <field name="valueNull">false</field>
                    <field name="deleted">false</field>
                </field_list>
            </object>
            <link_list>
                <link object="O6512" reference="R2188"/>
                <link object="O6514" reference="R1861"/>
                <link object="O6514" reference="R1863"/>
            </link_list>
        </object_info>
        <object_info id="O6512">
            <object class="SBlPackagePropertyReference">
                <field_list>
                    <field name="depotObjectId">229</field>
                    <field name="depotObjectVersionId">1</field>
                    <field name="sequenceId">4</field>
                    <field name="blValueId">2072629</field>
                    <field name="deleted">false</field>
                </field_list>
            </object>
        </object_info>
        <object_info id="O6514">
            <object class="SPropertyReference">
                <field_list>
                    <field name="blValueId">2072629</field>
                    <field name="referencePath"><![CDATA[]]></field>
                    <field name="deleted">false</field>
                </field_list>
            </object>
            <link_list>
                <link object="O6515" reference="R1875"/>
            </link_list>
        </object_info>
        <object_info id="O6515">
            <object class="SPropertyReferenceProperty">
                <field_list>
                    <field name="blValueId">2072629</field>
                    <field name="sequenceId">0</field>
                    <field name="propertyId">10005113</field>
                    <field name="deleted">false</field>
                </field_list>
            </object>
        </object_info>
        <object_info id="O6519">
            <object class="SBlValue">
                <field_list>
                    <field name="blValueId">2072630</field>
                    <field name="dataTypeId">2</field>
                    <field name="objectTypeId">6005</field>
                    <field name="valueNull">false</field>
                    <field name="deleted">false</field>
                </field_list>
            </object>
            <link_list>
                <link object="O6518" reference="R2188"/>
                <link object="O6520" reference="R1861"/>
                <link object="O6520" reference="R1863"/>
            </link_list>
        </object_info>
        <object_info id="O6518">
            <object class="SBlPackagePropertyReference">
                <field_list>
                    <field name="depotObjectId">229</field>
                    <field name="depotObjectVersionId">1</field>
                    <field name="sequenceId">5</field>
                    <field name="blValueId">2072630</field>
                    <field name="deleted">false</field>
                </field_list>
            </object>
        </object_info>
        <object_info id="O6520">
            <object class="SPropertyReference">
                <field_list>
                    <field name="blValueId">2072630</field>
                    <field name="referencePath"><![CDATA[]]></field>
                    <field name="deleted">false</field>
                </field_list>
            </object>
            <link_list>
                <link object="O6521" reference="R1875"/>
            </link_list>
        </object_info>
        <object_info id="O6521">
            <object class="SPropertyReferenceProperty">
                <field_list>
                    <field name="blValueId">2072630</field>
                    <field name="sequenceId">0</field>
                    <field name="propertyId">10005118</field>
                    <field name="deleted">false</field>
                </field_list>
            </object>
        </object_info>
        <object_info id="O6524">
            <object class="SDepotObjectLocation">
                <field_list>
                    <field name="depotObjectLocationId">192</field>
                    <field name="depotObjectId">229</field>
                    <field name="depotObjectVersionId">1</field>
                    <field name="depotObjectLocationTypeId">0</field>
                    <field name="fileLocationId">436</field>
                    <field name="blfileId">null</field>
                    <field name="remotePath"><![CDATA[]]></field>
                    <field name="remotePathParameterized">false</field>
                    <field name="deleted">false</field>
                </field_list>
            </object>
        </object_info>
        <object_info id="O6525">
            <object class="SFileLocation">
                <field_list>
                    <field name="fileLocationId">436</field>
                    <field name="fileServerId">1</field>
                    <field name="relativePath"><![CDATA[blpackages/823851a6-09d7-4b51-91b2-f07469dbe9be]]></field>
                    <field name="deleted">false</field>
                </field_list>
            </object>
        </object_info>
    </object_list>
</model_object_graph>
