<?xml version="1.0" encoding="UTF-8"?>
<!DOCTYPE model_object_graph SYSTEM "file://bladelogic.com/dtds/BLObjectGraph_v01.dtd">
<model_object_graph blmodel_version="8.5">
    <source_key>DBKey:SDepotObjectKeyImpl:240-1</source_key>
    <exclude_list>
        <exclude_type>600</exclude_type>
    </exclude_list>
    <relationship_list>
        <reference FK="true" id="R2153" local_id="4"
            source="SDepotObject" target="SDataType" type="dependency">
            <field_map_list>
                <field_map>
                    <local_field_name>dataTypeId</local_field_name>
                    <target_field_name>dataTypeId</target_field_name>
                </field_map>
            </field_map_list>
        </reference>
        <reference FK="true" id="R2154" local_id="2"
            source="SDepotObject" target="SDataType" type="dependency">
            <field_map_list>
                <field_map>
                    <local_field_name>dataTypeId</local_field_name>
                    <target_field_name>dataTypeId</target_field_name>
                </field_map>
            </field_map_list>
        </reference>
        <reference FK="true" id="R2152" local_id="5"
            source="SDepotObject" target="SDataType" type="dependency">
            <field_map_list>
                <field_map>
                    <local_field_name>dataTypeId</local_field_name>
                    <target_field_name>dataTypeId</target_field_name>
                </field_map>
            </field_map_list>
        </reference>
        <reference FK="true" id="R2155" local_id="3"
            source="SDepotObject" target="SDataType" type="dependency">
            <field_map_list>
                <field_map>
                    <local_field_name>dataTypeId</local_field_name>
                    <target_field_name>dataTypeId</target_field_name>
                </field_map>
            </field_map_list>
        </reference>
        <reference FK="true" id="R2136" source="SDepotObject"
            target="SDataType" type="external_part">
            <field_map_list>
                <field_map>
                    <local_field_name>dataTypeId</local_field_name>
                    <target_field_name>dataTypeId</target_field_name>
                </field_map>
            </field_map_list>
        </reference>
        <reference FK="true" id="R2156" local_id="1"
            source="SDepotObject" target="SDataType" type="dependency">
            <field_map_list>
                <field_map>
                    <local_field_name>dataTypeId</local_field_name>
                    <target_field_name>dataTypeId</target_field_name>
                </field_map>
            </field_map_list>
        </reference>
        <reference FK="true" id="R2146" source="SDepotObject"
            target="SBlValue" type="external_part">
            <field_map_list>
                <field_map>
                    <local_field_name>blValueId</local_field_name>
                    <target_field_name>blValueId</target_field_name>
                </field_map>
            </field_map_list>
        </reference>
        <reference FK="false" id="R1859" source="SPropertySetInstance"
            target="SBlValue" type="external_part">
            <field_map_list>
                <field_map>
                    <local_field_name>blValueId</local_field_name>
                    <target_field_name>blValueId</target_field_name>
                </field_map>
            </field_map_list>
        </reference>
        <reference FK="false" id="R1836" source="SPropertySetClass"
            target="SDataType" type="external_part">
            <field_map_list>
                <field_map>
                    <local_field_name>dataTypeId</local_field_name>
                    <target_field_name>dataTypeId</target_field_name>
                </field_map>
            </field_map_list>
        </reference>
        <reference FK="true" id="R1846" source="SPropertySetClass"
            target="SDataType" type="dependency">
            <field_map_list>
                <field_map>
                    <local_field_name>superTypeId</local_field_name>
                    <target_field_name>dataTypeId</target_field_name>
                </field_map>
            </field_map_list>
        </reference>
        <reference FK="true" id="R1855"
            source="SPropertySetClassDefaultValueMap" target="SProperty" type="dependency">
            <field_map_list>
                <field_map>
                    <local_field_name>propertyId</local_field_name>
                    <target_field_name>propertyId</target_field_name>
                </field_map>
            </field_map_list>
        </reference>
        <reference FK="false" id="R1844"
            source="SPropertySetClassDefaultValueMap"
            target="SPropertySetClass" type="external_part">
            <field_map_list>
                <field_map>
                    <local_field_name>dataTypeId</local_field_name>
                    <target_field_name>dataTypeId</target_field_name>
                </field_map>
            </field_map_list>
        </reference>
        <reference FK="true" id="R1854"
            source="SPropertySetClassDefaultValueMap" target="SBlValue" type="dependency">
            <field_map_list>
                <field_map>
                    <local_field_name>blValueId</local_field_name>
                    <target_field_name>blValueId</target_field_name>
                </field_map>
            </field_map_list>
        </reference>
        <reference FK="false" id="R1862" source="SPrimitiveBlValue"
            target="SBlValue" type="external_part">
            <field_map_list>
                <field_map>
                    <local_field_name>blValueId</local_field_name>
                    <target_field_name>blValueId</target_field_name>
                </field_map>
            </field_map_list>
        </reference>
        <reference FK="false" id="R1857" source="SEnumeratedBlValue"
            target="SBlValue" type="external_part">
            <field_map_list>
                <field_map>
                    <local_field_name>blValueId</local_field_name>
                    <target_field_name>blValueId</target_field_name>
                </field_map>
            </field_map_list>
        </reference>
        <reference FK="true" id="R1870" source="SEnumeratedBlValue"
            target="SBlValue" type="dependency">
            <field_map_list>
                <field_map>
                    <local_field_name>elementBlValueId</local_field_name>
                    <target_field_name>blValueId</target_field_name>
                </field_map>
            </field_map_list>
        </reference>
        <reference FK="false" id="R1843" source="SProperty"
            target="SPropertySetClass" type="external_part">
            <field_map_list>
                <field_map>
                    <local_field_name>classDataTypeId</local_field_name>
                    <target_field_name>dataTypeId</target_field_name>
                </field_map>
            </field_map_list>
        </reference>
        <reference FK="false" id="R2139"
            source="SBlPackagePropertyReference" target="SDepotObject" type="external_part">
            <field_map_list>
                <field_map>
                    <local_field_name>depotObjectId</local_field_name>
                    <target_field_name>depotObjectId</target_field_name>
                </field_map>
                <field_map>
                    <local_field_name>depotObjectVersionId</local_field_name>
                    <target_field_name>depotObjectVersionId</target_field_name>
                </field_map>
            </field_map_list>
        </reference>
        <reference FK="true" id="R2188" local_id="1"
            source="SBlPackagePropertyReference" target="SBlValue" type="external_part">
            <field_map_list>
                <field_map>
                    <local_field_name>blValueId</local_field_name>
                    <target_field_name>blValueId</target_field_name>
                </field_map>
            </field_map_list>
        </reference>
        <reference FK="false" id="R1861" local_id="1"
            source="SPropertyReference" target="SBlValue" type="external_part">
            <field_map_list>
                <field_map>
                    <local_field_name>blValueId</local_field_name>
                    <target_field_name>blValueId</target_field_name>
                </field_map>
            </field_map_list>
        </reference>
        <reference FK="false" id="R1863" local_id="2"
            source="SPropertyReference" target="SBlValue" type="external_part">
            <field_map_list>
                <field_map>
                    <local_field_name>blValueId</local_field_name>
                    <target_field_name>blValueId</target_field_name>
                </field_map>
            </field_map_list>
        </reference>
        <reference FK="false" id="R1875"
            source="SPropertyReferenceProperty"
            target="SPropertyReference" type="external_part">
            <field_map_list>
                <field_map>
                    <local_field_name>blValueId</local_field_name>
                    <target_field_name>blValueId</target_field_name>
                </field_map>
            </field_map_list>
        </reference>
        <reference FK="true" id="R1877"
            source="SPropertyReferenceProperty" target="SProperty" type="dependency">
            <field_map_list>
                <field_map>
                    <local_field_name>propertyId</local_field_name>
                    <target_field_name>propertyId</target_field_name>
                </field_map>
            </field_map_list>
        </reference>
        <reference FK="true" id="R2183" source="SDepotObjectLocation"
            target="SDepotObject" type="dependency">
            <field_map_list>
                <field_map>
                    <local_field_name>depotObjectId</local_field_name>
                    <target_field_name>depotObjectId</target_field_name>
                </field_map>
                <field_map>
                    <local_field_name>depotObjectVersionId</local_field_name>
                    <target_field_name>depotObjectVersionId</target_field_name>
                </field_map>
            </field_map_list>
        </reference>
        <reference FK="false" id="R2138" source="SDepotObjectLocation"
            target="SDepotObject" type="external_part">
            <field_map_list>
                <field_map>
                    <local_field_name>depotObjectId</local_field_name>
                    <target_field_name>depotObjectId</target_field_name>
                </field_map>
                <field_map>
                    <local_field_name>depotObjectVersionId</local_field_name>
                    <target_field_name>depotObjectVersionId</target_field_name>
                </field_map>
            </field_map_list>
        </reference>
    </relationship_list>
    <object_list>
        <object_info id="O6243">
            <object class="SBlValue">
                <field_list>
                    <field name="blValueId">2066475</field>
                    <field name="dataTypeId">1005</field>
                    <field name="objectTypeId">5319</field>
                    <field name="valueNull">false</field>
                    <field name="deleted">false</field>
                </field_list>
            </object>
            <link_list>
                <link object="O6242" reference="R2146"/>
                <link object="O6244" reference="R1859"/>
            </link_list>
        </object_info>
        <object_info id="O6244">
            <object class="SPropertySetInstance">
                <field_list>
                    <field name="blValueId">2066475</field>
                    <field name="blAclId">11301</field>
                    <field name="createdByRoleId">1000010</field>
                    <field name="createdByUserId">1000010</field>
                    <field name="modifiedByRoleId">1000010</field>
                    <field name="modifiedByUserId">1000010</field>
                    <field name="dataTypeId">1005</field>
                    <field name="name"><![CDATA[RemoveFileDir-Unix]]></field>
                    <field name="description"><![CDATA[]]></field>
                    <field name="deprecated">false</field>
                    <field name="dateCreated">2014/06/10 09:20:29-0500</field>
                    <field name="dateModified">2014/07/10 06:37:15-0500</field>
                    <field name="deleted">false</field>
                    <field name="synchronize">true</field>
                    <field name="anonymous">false</field>
                </field_list>
            </object>
        </object_info>
        <object_info id="O6247">
            <object class="SDataType">
                <field_list>
                    <field name="dataTypeId">2001561</field>
                    <field name="objectTypeId">5318</field>
                    <field name="deleted">false</field>
                    <field name="builtIn">false</field>
                </field_list>
            </object>
            <link_list>
                <link object="O6242" reference="R2153"/>
                <link object="O6242" reference="R2154"/>
                <link object="O6242" reference="R2152"/>
                <link object="O6242" reference="R2155"/>
                <link object="O6242" reference="R2136"/>
                <link object="O6242" reference="R2156"/>
                <link object="O6248" reference="R1836"/>
            </link_list>
        </object_info>
        <object_info id="O6260">
            <object class="SDataType">
                <field_list>
                    <field name="dataTypeId">1025</field>
                    <field name="objectTypeId">5318</field>
                    <field name="deleted">false</field>
                    <field name="builtIn">true</field>
                </field_list>
            </object>
            <link_list>
                <link object="O6248" reference="R1846"/>
            </link_list>
        </object_info>
        <object_info id="O6248">
            <object class="SPropertySetClass">
                <field_list>
                    <field name="dataTypeId">2001561</field>
                    <field name="superTypeId">1025</field>
                    <field name="createdByRoleId">1000010</field>
                    <field name="createdByUserId">1000010</field>
                    <field name="modifiedByRoleId">1000010</field>
                    <field name="modifiedByUserId">1000010</field>
                    <field name="blAclId">2000014</field>
                    <field name="name"><![CDATA[RemoveFileDir-Unix]]></field>
                    <field name="description"><![CDATA[]]></field>
                    <field name="abstract">false</field>
                    <field name="builtIn">false</field>
                    <field name="visible">true</field>
                    <field name="deprecated">false</field>
                    <field name="dateCreated">2014/06/10 09:20:29-0500</field>
                    <field name="dateModified">2014/07/10 06:37:15-0500</field>
                    <field name="instanceTableName"><![CDATA[]]></field>
                    <field name="deleted">false</field>
                    <field name="synchronize">true</field>
                    <field name="modelObject">true</field>
                    <field name="custom">false</field>
                    <field name="extendable">true</field>
                    <field name="anonymous">false</field>
                </field_list>
            </object>
            <link_list>
                <link object="O6255" reference="R1844"/>
                <link object="O6249" reference="R1844"/>
                <link object="O6257" reference="R1843"/>
                <link object="O6254" reference="R1843"/>
            </link_list>
        </object_info>
        <object_info id="O6254">
            <object class="SProperty">
                <field_list>
                    <field name="propertyId">10005143</field>
                    <field name="dataTypeId">2</field>
                    <field name="classDataTypeId">2001561</field>
                    <field name="createdByRoleId">1000010</field>
                    <field name="createdByUserId">1000010</field>
                    <field name="modifiedByRoleId">1000010</field>
                    <field name="modifiedByUserId">1000010</field>
                    <field name="name"><![CDATA[FILES]]></field>
                    <field name="description"><![CDATA[List of files, directories to remove. If path start by . , then path is considered to be relative from DEPLOY_DIR]]></field>
                    <field name="builtIn">false</field>
                    <field name="valueReadOnly">false</field>
                    <field name="valueRequired">false</field>
                    <field name="usedInReports">false</field>
                    <field name="deprecated">false</field>
                    <field name="dateCreated">2014/06/10 09:20:29-0500</field>
                    <field name="dateModified">2014/07/10 06:37:15-0500</field>
                    <field name="loadTypeId">1</field>
                    <field name="deleted">false</field>
                </field_list>
            </object>
            <link_list>
                <link object="O6269" reference="R1877"/>
                <link object="O6249" reference="R1855"/>
            </link_list>
        </object_info>
        <object_info id="O6250">
            <object class="SBlValue">
                <field_list>
                    <field name="blValueId">99</field>
                    <field name="dataTypeId">99</field>
                    <field name="objectTypeId">6007</field>
                    <field name="valueNull">true</field>
                    <field name="deleted">false</field>
                </field_list>
            </object>
            <link_list>
                <link object="O6251" reference="R1862"/>
                <link object="O6252" reference="R1857"/>
                <link object="O6252" reference="R1870"/>
                <link object="O6255" reference="R1854"/>
                <link object="O6249" reference="R1854"/>
            </link_list>
        </object_info>
        <object_info id="O6249">
            <object class="SPropertySetClassDefaultValueMap">
                <field_list>
                    <field name="dataTypeId">2001561</field>
                    <field name="propertyId">10005143</field>
                    <field name="blValueId">99</field>
                    <field name="deleted">false</field>
                </field_list>
            </object>
        </object_info>
        <object_info id="O6251">
            <object class="SPrimitiveBlValue">
                <field_list>
                    <field name="blValueId">99</field>
                    <field name="dataTypeId">99</field>
                    <field name="metaChecksumHi">99</field>
                    <field name="metaChecksumLo">99</field>
                    <field name="value"><![CDATA[]]></field>
                    <field name="deleted">false</field>
                </field_list>
            </object>
        </object_info>
        <object_info id="O6252">
            <object class="SEnumeratedBlValue">
                <field_list>
                    <field name="blValueId">99</field>
                    <field name="elementBlValueId">99</field>
                    <field name="deleted">false</field>
                    <field name="sequenceId">0</field>
                    <field name="displayName"><![CDATA[]]></field>
                    <field name="displayStringSetId">null</field>
                    <field name="enumDeprecated">false</field>
                </field_list>
            </object>
        </object_info>
        <object_info id="O6257">
            <object class="SProperty">
                <field_list>
                    <field name="propertyId">10005144</field>
                    <field name="dataTypeId">2</field>
                    <field name="classDataTypeId">2001561</field>
                    <field name="createdByRoleId">1000010</field>
                    <field name="createdByUserId">1000010</field>
                    <field name="modifiedByRoleId">1000010</field>
                    <field name="modifiedByUserId">1000010</field>
                    <field name="name"><![CDATA[DEPLOY_DIR]]></field>
                    <field name="description"><![CDATA[Staging directory where files may be located, can be useless, depend of target and automation cycle]]></field>
                    <field name="builtIn">false</field>
                    <field name="valueReadOnly">false</field>
                    <field name="valueRequired">false</field>
                    <field name="usedInReports">false</field>
                    <field name="deprecated">false</field>
                    <field name="dateCreated">2014/06/10 09:20:29-0500</field>
                    <field name="dateModified">2014/07/10 06:37:15-0500</field>
                    <field name="loadTypeId">1</field>
                    <field name="deleted">false</field>
                </field_list>
            </object>
            <link_list>
                <link object="O6255" reference="R1855"/>
                <link object="O6275" reference="R1877"/>
            </link_list>
        </object_info>
        <object_info id="O6255">
            <object class="SPropertySetClassDefaultValueMap">
                <field_list>
                    <field name="dataTypeId">2001561</field>
                    <field name="propertyId">10005144</field>
                    <field name="blValueId">99</field>
                    <field name="deleted">false</field>
                </field_list>
            </object>
        </object_info>
        <object_info id="O6242">
            <object class="SDepotObject">
                <field_list>
                    <field name="depotObjectId">240</field>
                    <field name="depotObjectVersionId">1</field>
                    <field name="blValueId">2066475</field>
                    <field name="guid">728b2395-aca9-4040-8eb1-971cd406017c</field>
                    <field name="groupId">2000203</field>
                    <field name="objectTypeId">28</field>
                    <field name="createdByRoleId">1000010</field>
                    <field name="createdByUserId">1000010</field>
                    <field name="modifiedByRoleId">1000010</field>
                    <field name="modifiedByUserId">1000010</field>
                    <field name="blAclId">2000015</field>
                    <field name="dataTypeId">2001561</field>
                    <field name="name"><![CDATA[RemoveFileDir-Unix]]></field>
                    <field name="description"><![CDATA[]]></field>
                    <field name="lockedByUserId">0</field>
                    <field name="savedExplicitly">true</field>
                    <field name="errors">false</field>
                    <field name="warnings">false</field>
                    <field name="latestVersion">true</field>
                    <field name="dateCreated">2014/06/10 09:20:29-0500</field>
                    <field name="dateModified">2014/07/10 06:37:15-0500</field>
                    <field name="deleted">false</field>
                </field_list>
            </object>
            <link_list>
                <link object="O6278" reference="R2183"/>
                <link object="O6278" reference="R2138"/>
                <link object="O6266" reference="R2139"/>
                <link object="O6272" reference="R2139"/>
            </link_list>
        </object_info>
        <object_info id="O6267">
            <object class="SBlValue">
                <field_list>
                    <field name="blValueId">2072599</field>
                    <field name="dataTypeId">2</field>
                    <field name="objectTypeId">6005</field>
                    <field name="valueNull">false</field>
                    <field name="deleted">false</field>
                </field_list>
            </object>
            <link_list>
                <link object="O6268" reference="R1861"/>
                <link object="O6268" reference="R1863"/>
                <link object="O6266" reference="R2188"/>
            </link_list>
        </object_info>
        <object_info id="O6266">
            <object class="SBlPackagePropertyReference">
                <field_list>
                    <field name="depotObjectId">240</field>
                    <field name="depotObjectVersionId">1</field>
                    <field name="sequenceId">0</field>
                    <field name="blValueId">2072599</field>
                    <field name="deleted">false</field>
                </field_list>
            </object>
        </object_info>
        <object_info id="O6268">
            <object class="SPropertyReference">
                <field_list>
                    <field name="blValueId">2072599</field>
                    <field name="referencePath"><![CDATA[]]></field>
                    <field name="deleted">false</field>
                </field_list>
            </object>
            <link_list>
                <link object="O6269" reference="R1875"/>
            </link_list>
        </object_info>
        <object_info id="O6269">
            <object class="SPropertyReferenceProperty">
                <field_list>
                    <field name="blValueId">2072599</field>
                    <field name="sequenceId">0</field>
                    <field name="propertyId">10005143</field>
                    <field name="deleted">false</field>
                </field_list>
            </object>
        </object_info>
        <object_info id="O6273">
            <object class="SBlValue">
                <field_list>
                    <field name="blValueId">2072600</field>
                    <field name="dataTypeId">2</field>
                    <field name="objectTypeId">6005</field>
                    <field name="valueNull">false</field>
                    <field name="deleted">false</field>
                </field_list>
            </object>
            <link_list>
                <link object="O6274" reference="R1861"/>
                <link object="O6274" reference="R1863"/>
                <link object="O6272" reference="R2188"/>
            </link_list>
        </object_info>
        <object_info id="O6272">
            <object class="SBlPackagePropertyReference">
                <field_list>
                    <field name="depotObjectId">240</field>
                    <field name="depotObjectVersionId">1</field>
                    <field name="sequenceId">1</field>
                    <field name="blValueId">2072600</field>
                    <field name="deleted">false</field>
                </field_list>
            </object>
        </object_info>
        <object_info id="O6274">
            <object class="SPropertyReference">
                <field_list>
                    <field name="blValueId">2072600</field>
                    <field name="referencePath"><![CDATA[]]></field>
                    <field name="deleted">false</field>
                </field_list>
            </object>
            <link_list>
                <link object="O6275" reference="R1875"/>
            </link_list>
        </object_info>
        <object_info id="O6275">
            <object class="SPropertyReferenceProperty">
                <field_list>
                    <field name="blValueId">2072600</field>
                    <field name="sequenceId">0</field>
                    <field name="propertyId">10005144</field>
                    <field name="deleted">false</field>
                </field_list>
            </object>
        </object_info>
        <object_info id="O6278">
            <object class="SDepotObjectLocation">
                <field_list>
                    <field name="depotObjectLocationId">203</field>
                    <field name="depotObjectId">240</field>
                    <field name="depotObjectVersionId">1</field>
                    <field name="depotObjectLocationTypeId">0</field>
                    <field name="fileLocationId">447</field>
                    <field name="blfileId">null</field>
                    <field name="remotePath"><![CDATA[]]></field>
                    <field name="remotePathParameterized">false</field>
                    <field name="deleted">false</field>
                </field_list>
            </object>
        </object_info>
        <object_info id="O6279">
            <object class="SFileLocation">
                <field_list>
                    <field name="fileLocationId">447</field>
                    <field name="fileServerId">1</field>
                    <field name="relativePath"><![CDATA[blpackages/bc735c41-f20f-49b0-9973-62df254ba24c]]></field>
                    <field name="deleted">false</field>
                </field_list>
            </object>
        </object_info>
    </object_list>
</model_object_graph>
