<?xml version="1.0" encoding="UTF-8"?>
<!DOCTYPE model_object_graph SYSTEM "file://bladelogic.com/dtds/BLObjectGraph_v01.dtd">
<model_object_graph blmodel_version="8.5">
    <source_key>DBKey:SDepotObjectKeyImpl:222-1</source_key>
    <exclude_list>
        <exclude_type>600</exclude_type>
    </exclude_list>
    <relationship_list>
        <reference FK="true" id="R2153" local_id="4"
            source="SDepotObject" target="SDataType" type="dependency">
            <field_map_list>
                <field_map>
                    <local_field_name>dataTypeId</local_field_name>
                    <target_field_name>dataTypeId</target_field_name>
                </field_map>
            </field_map_list>
        </reference>
        <reference FK="true" id="R2154" local_id="2"
            source="SDepotObject" target="SDataType" type="dependency">
            <field_map_list>
                <field_map>
                    <local_field_name>dataTypeId</local_field_name>
                    <target_field_name>dataTypeId</target_field_name>
                </field_map>
            </field_map_list>
        </reference>
        <reference FK="true" id="R2155" local_id="3"
            source="SDepotObject" target="SDataType" type="dependency">
            <field_map_list>
                <field_map>
                    <local_field_name>dataTypeId</local_field_name>
                    <target_field_name>dataTypeId</target_field_name>
                </field_map>
            </field_map_list>
        </reference>
        <reference FK="true" id="R2136" source="SDepotObject"
            target="SDataType" type="external_part">
            <field_map_list>
                <field_map>
                    <local_field_name>dataTypeId</local_field_name>
                    <target_field_name>dataTypeId</target_field_name>
                </field_map>
            </field_map_list>
        </reference>
        <reference FK="true" id="R2152" local_id="5"
            source="SDepotObject" target="SDataType" type="dependency">
            <field_map_list>
                <field_map>
                    <local_field_name>dataTypeId</local_field_name>
                    <target_field_name>dataTypeId</target_field_name>
                </field_map>
            </field_map_list>
        </reference>
        <reference FK="true" id="R2156" local_id="1"
            source="SDepotObject" target="SDataType" type="dependency">
            <field_map_list>
                <field_map>
                    <local_field_name>dataTypeId</local_field_name>
                    <target_field_name>dataTypeId</target_field_name>
                </field_map>
            </field_map_list>
        </reference>
        <reference FK="true" id="R2146" source="SDepotObject"
            target="SBlValue" type="external_part">
            <field_map_list>
                <field_map>
                    <local_field_name>blValueId</local_field_name>
                    <target_field_name>blValueId</target_field_name>
                </field_map>
            </field_map_list>
        </reference>
        <reference FK="false" id="R1859" source="SPropertySetInstance"
            target="SBlValue" type="external_part">
            <field_map_list>
                <field_map>
                    <local_field_name>blValueId</local_field_name>
                    <target_field_name>blValueId</target_field_name>
                </field_map>
            </field_map_list>
        </reference>
        <reference FK="false" id="R1836" source="SPropertySetClass"
            target="SDataType" type="external_part">
            <field_map_list>
                <field_map>
                    <local_field_name>dataTypeId</local_field_name>
                    <target_field_name>dataTypeId</target_field_name>
                </field_map>
            </field_map_list>
        </reference>
        <reference FK="true" id="R1846" source="SPropertySetClass"
            target="SDataType" type="dependency">
            <field_map_list>
                <field_map>
                    <local_field_name>superTypeId</local_field_name>
                    <target_field_name>dataTypeId</target_field_name>
                </field_map>
            </field_map_list>
        </reference>
        <reference FK="true" id="R1854"
            source="SPropertySetClassDefaultValueMap" target="SBlValue" type="dependency">
            <field_map_list>
                <field_map>
                    <local_field_name>blValueId</local_field_name>
                    <target_field_name>blValueId</target_field_name>
                </field_map>
            </field_map_list>
        </reference>
        <reference FK="true" id="R1855"
            source="SPropertySetClassDefaultValueMap" target="SProperty" type="dependency">
            <field_map_list>
                <field_map>
                    <local_field_name>propertyId</local_field_name>
                    <target_field_name>propertyId</target_field_name>
                </field_map>
            </field_map_list>
        </reference>
        <reference FK="false" id="R1844"
            source="SPropertySetClassDefaultValueMap"
            target="SPropertySetClass" type="external_part">
            <field_map_list>
                <field_map>
                    <local_field_name>dataTypeId</local_field_name>
                    <target_field_name>dataTypeId</target_field_name>
                </field_map>
            </field_map_list>
        </reference>
        <reference FK="false" id="R1862" source="SPrimitiveBlValue"
            target="SBlValue" type="external_part">
            <field_map_list>
                <field_map>
                    <local_field_name>blValueId</local_field_name>
                    <target_field_name>blValueId</target_field_name>
                </field_map>
            </field_map_list>
        </reference>
        <reference FK="false" id="R1843" source="SProperty"
            target="SPropertySetClass" type="external_part">
            <field_map_list>
                <field_map>
                    <local_field_name>classDataTypeId</local_field_name>
                    <target_field_name>dataTypeId</target_field_name>
                </field_map>
            </field_map_list>
        </reference>
        <reference FK="true" id="R1870" source="SEnumeratedBlValue"
            target="SBlValue" type="dependency">
            <field_map_list>
                <field_map>
                    <local_field_name>elementBlValueId</local_field_name>
                    <target_field_name>blValueId</target_field_name>
                </field_map>
            </field_map_list>
        </reference>
        <reference FK="false" id="R1857" source="SEnumeratedBlValue"
            target="SBlValue" type="external_part">
            <field_map_list>
                <field_map>
                    <local_field_name>blValueId</local_field_name>
                    <target_field_name>blValueId</target_field_name>
                </field_map>
            </field_map_list>
        </reference>
        <reference FK="false" id="R2139"
            source="SBlPackagePropertyReference" target="SDepotObject" type="external_part">
            <field_map_list>
                <field_map>
                    <local_field_name>depotObjectId</local_field_name>
                    <target_field_name>depotObjectId</target_field_name>
                </field_map>
                <field_map>
                    <local_field_name>depotObjectVersionId</local_field_name>
                    <target_field_name>depotObjectVersionId</target_field_name>
                </field_map>
            </field_map_list>
        </reference>
        <reference FK="true" id="R2188" local_id="1"
            source="SBlPackagePropertyReference" target="SBlValue" type="external_part">
            <field_map_list>
                <field_map>
                    <local_field_name>blValueId</local_field_name>
                    <target_field_name>blValueId</target_field_name>
                </field_map>
            </field_map_list>
        </reference>
        <reference FK="false" id="R1861" local_id="1"
            source="SPropertyReference" target="SBlValue" type="external_part">
            <field_map_list>
                <field_map>
                    <local_field_name>blValueId</local_field_name>
                    <target_field_name>blValueId</target_field_name>
                </field_map>
            </field_map_list>
        </reference>
        <reference FK="false" id="R1863" local_id="2"
            source="SPropertyReference" target="SBlValue" type="external_part">
            <field_map_list>
                <field_map>
                    <local_field_name>blValueId</local_field_name>
                    <target_field_name>blValueId</target_field_name>
                </field_map>
            </field_map_list>
        </reference>
        <reference FK="true" id="R1877"
            source="SPropertyReferenceProperty" target="SProperty" type="dependency">
            <field_map_list>
                <field_map>
                    <local_field_name>propertyId</local_field_name>
                    <target_field_name>propertyId</target_field_name>
                </field_map>
            </field_map_list>
        </reference>
        <reference FK="false" id="R1875"
            source="SPropertyReferenceProperty"
            target="SPropertyReference" type="external_part">
            <field_map_list>
                <field_map>
                    <local_field_name>blValueId</local_field_name>
                    <target_field_name>blValueId</target_field_name>
                </field_map>
            </field_map_list>
        </reference>
        <reference FK="true" id="R2183" source="SDepotObjectLocation"
            target="SDepotObject" type="dependency">
            <field_map_list>
                <field_map>
                    <local_field_name>depotObjectId</local_field_name>
                    <target_field_name>depotObjectId</target_field_name>
                </field_map>
                <field_map>
                    <local_field_name>depotObjectVersionId</local_field_name>
                    <target_field_name>depotObjectVersionId</target_field_name>
                </field_map>
            </field_map_list>
        </reference>
        <reference FK="false" id="R2138" source="SDepotObjectLocation"
            target="SDepotObject" type="external_part">
            <field_map_list>
                <field_map>
                    <local_field_name>depotObjectId</local_field_name>
                    <target_field_name>depotObjectId</target_field_name>
                </field_map>
                <field_map>
                    <local_field_name>depotObjectVersionId</local_field_name>
                    <target_field_name>depotObjectVersionId</target_field_name>
                </field_map>
            </field_map_list>
        </reference>
    </relationship_list>
    <object_list>
        <object_info id="O1471">
            <object class="SBlValue">
                <field_list>
                    <field name="blValueId">2065368</field>
                    <field name="dataTypeId">1005</field>
                    <field name="objectTypeId">5319</field>
                    <field name="valueNull">false</field>
                    <field name="deleted">false</field>
                </field_list>
            </object>
            <link_list>
                <link object="O1463" reference="R2146"/>
                <link object="O1473" reference="R1859"/>
            </link_list>
        </object_info>
        <object_info id="O1473">
            <object class="SPropertySetInstance">
                <field_list>
                    <field name="blValueId">2065368</field>
                    <field name="blAclId">11301</field>
                    <field name="createdByRoleId">1000010</field>
                    <field name="createdByUserId">1000010</field>
                    <field name="modifiedByRoleId">1000010</field>
                    <field name="modifiedByUserId">1000010</field>
                    <field name="dataTypeId">1005</field>
                    <field name="name"><![CDATA[UndeployApplication-Unix]]></field>
                    <field name="description"><![CDATA[]]></field>
                    <field name="deprecated">false</field>
                    <field name="dateCreated">2014/06/04 12:10:57-0500</field>
                    <field name="dateModified">2014/06/05 02:56:31-0500</field>
                    <field name="deleted">false</field>
                    <field name="synchronize">true</field>
                    <field name="anonymous">false</field>
                </field_list>
            </object>
        </object_info>
        <object_info id="O1495">
            <object class="SBlValue">
                <field_list>
                    <field name="blValueId">2058680</field>
                    <field name="dataTypeId">2</field>
                    <field name="objectTypeId">6000</field>
                    <field name="valueNull">false</field>
                    <field name="deleted">false</field>
                </field_list>
            </object>
            <link_list>
                <link object="O1493" reference="R1854"/>
                <link object="O1501" reference="R1862"/>
            </link_list>
        </object_info>
        <object_info id="O1491">
            <object class="SDataType">
                <field_list>
                    <field name="dataTypeId">2001540</field>
                    <field name="objectTypeId">5318</field>
                    <field name="deleted">false</field>
                    <field name="builtIn">false</field>
                </field_list>
            </object>
            <link_list>
                <link object="O1463" reference="R2153"/>
                <link object="O1463" reference="R2154"/>
                <link object="O1463" reference="R2155"/>
                <link object="O1463" reference="R2136"/>
                <link object="O1463" reference="R2152"/>
                <link object="O1463" reference="R2156"/>
                <link object="O1492" reference="R1836"/>
            </link_list>
        </object_info>
        <object_info id="O1581">
            <object class="SDataType">
                <field_list>
                    <field name="dataTypeId">1025</field>
                    <field name="objectTypeId">5318</field>
                    <field name="deleted">false</field>
                    <field name="builtIn">true</field>
                </field_list>
            </object>
            <link_list>
                <link object="O1492" reference="R1846"/>
            </link_list>
        </object_info>
        <object_info id="O1492">
            <object class="SPropertySetClass">
                <field_list>
                    <field name="dataTypeId">2001540</field>
                    <field name="superTypeId">1025</field>
                    <field name="createdByRoleId">1000010</field>
                    <field name="createdByUserId">1000010</field>
                    <field name="modifiedByRoleId">1000010</field>
                    <field name="modifiedByUserId">1000010</field>
                    <field name="blAclId">2000014</field>
                    <field name="name"><![CDATA[UndeployApplication-Unix]]></field>
                    <field name="description"><![CDATA[]]></field>
                    <field name="abstract">false</field>
                    <field name="builtIn">false</field>
                    <field name="visible">true</field>
                    <field name="deprecated">false</field>
                    <field name="dateCreated">2014/06/04 12:10:57-0500</field>
                    <field name="dateModified">2014/06/04 12:21:58-0500</field>
                    <field name="instanceTableName"><![CDATA[]]></field>
                    <field name="deleted">false</field>
                    <field name="synchronize">true</field>
                    <field name="modelObject">true</field>
                    <field name="custom">false</field>
                    <field name="extendable">true</field>
                    <field name="anonymous">false</field>
                </field_list>
            </object>
            <link_list>
                <link object="O1541" reference="R1844"/>
                <link object="O1515" reference="R1843"/>
                <link object="O1550" reference="R1843"/>
                <link object="O1552" reference="R1844"/>
                <link object="O1493" reference="R1844"/>
                <link object="O1516" reference="R1844"/>
                <link object="O1563" reference="R1843"/>
                <link object="O1540" reference="R1843"/>
            </link_list>
        </object_info>
        <object_info id="O1515">
            <object class="SProperty">
                <field_list>
                    <field name="propertyId">10005090</field>
                    <field name="dataTypeId">2</field>
                    <field name="classDataTypeId">2001540</field>
                    <field name="createdByRoleId">1000010</field>
                    <field name="createdByUserId">1000010</field>
                    <field name="modifiedByRoleId">1000010</field>
                    <field name="modifiedByUserId">1000010</field>
                    <field name="name"><![CDATA[TOMCAT_USER]]></field>
                    <field name="description"><![CDATA[]]></field>
                    <field name="builtIn">false</field>
                    <field name="valueReadOnly">false</field>
                    <field name="valueRequired">false</field>
                    <field name="usedInReports">false</field>
                    <field name="deprecated">false</field>
                    <field name="dateCreated">2014/06/04 12:10:57-0500</field>
                    <field name="dateModified">2014/06/04 12:10:57-0500</field>
                    <field name="loadTypeId">1</field>
                    <field name="deleted">false</field>
                </field_list>
            </object>
            <link_list>
                <link object="O1654" reference="R1877"/>
                <link object="O1493" reference="R1855"/>
            </link_list>
        </object_info>
        <object_info id="O1493">
            <object class="SPropertySetClassDefaultValueMap">
                <field_list>
                    <field name="dataTypeId">2001540</field>
                    <field name="propertyId">10005090</field>
                    <field name="blValueId">2058680</field>
                    <field name="deleted">false</field>
                </field_list>
            </object>
        </object_info>
        <object_info id="O1501">
            <object class="SPrimitiveBlValue">
                <field_list>
                    <field name="blValueId">2058680</field>
                    <field name="dataTypeId">2</field>
                    <field name="metaChecksumHi">9181046197344525513</field>
                    <field name="metaChecksumLo">7628978878088772041</field>
                    <field name="value"><![CDATA[tomcat]]></field>
                    <field name="deleted">false</field>
                </field_list>
            </object>
        </object_info>
        <object_info id="O1520">
            <object class="SBlValue">
                <field_list>
                    <field name="blValueId">99</field>
                    <field name="dataTypeId">99</field>
                    <field name="objectTypeId">6007</field>
                    <field name="valueNull">true</field>
                    <field name="deleted">false</field>
                </field_list>
            </object>
            <link_list>
                <link object="O1516" reference="R1854"/>
                <link object="O1533" reference="R1870"/>
                <link object="O1533" reference="R1857"/>
                <link object="O1527" reference="R1862"/>
            </link_list>
        </object_info>
        <object_info id="O1540">
            <object class="SProperty">
                <field_list>
                    <field name="propertyId">10005091</field>
                    <field name="dataTypeId">2</field>
                    <field name="classDataTypeId">2001540</field>
                    <field name="createdByRoleId">1000010</field>
                    <field name="createdByUserId">1000010</field>
                    <field name="modifiedByRoleId">1000010</field>
                    <field name="modifiedByUserId">1000010</field>
                    <field name="name"><![CDATA[application]]></field>
                    <field name="description"><![CDATA[]]></field>
                    <field name="builtIn">false</field>
                    <field name="valueReadOnly">false</field>
                    <field name="valueRequired">false</field>
                    <field name="usedInReports">false</field>
                    <field name="deprecated">false</field>
                    <field name="dateCreated">2014/06/04 12:10:57-0500</field>
                    <field name="dateModified">2014/06/04 12:10:57-0500</field>
                    <field name="loadTypeId">1</field>
                    <field name="deleted">false</field>
                </field_list>
            </object>
            <link_list>
                <link object="O1697" reference="R1877"/>
                <link object="O1516" reference="R1855"/>
            </link_list>
        </object_info>
        <object_info id="O1516">
            <object class="SPropertySetClassDefaultValueMap">
                <field_list>
                    <field name="dataTypeId">2001540</field>
                    <field name="propertyId">10005091</field>
                    <field name="blValueId">99</field>
                    <field name="deleted">false</field>
                </field_list>
            </object>
        </object_info>
        <object_info id="O1527">
            <object class="SPrimitiveBlValue">
                <field_list>
                    <field name="blValueId">99</field>
                    <field name="dataTypeId">99</field>
                    <field name="metaChecksumHi">99</field>
                    <field name="metaChecksumLo">99</field>
                    <field name="value"><![CDATA[]]></field>
                    <field name="deleted">false</field>
                </field_list>
            </object>
        </object_info>
        <object_info id="O1533">
            <object class="SEnumeratedBlValue">
                <field_list>
                    <field name="blValueId">99</field>
                    <field name="elementBlValueId">99</field>
                    <field name="deleted">false</field>
                    <field name="sequenceId">0</field>
                    <field name="displayName"><![CDATA[]]></field>
                    <field name="displayStringSetId">null</field>
                    <field name="enumDeprecated">false</field>
                </field_list>
            </object>
        </object_info>
        <object_info id="O1550">
            <object class="SProperty">
                <field_list>
                    <field name="propertyId">10005092</field>
                    <field name="dataTypeId">1</field>
                    <field name="classDataTypeId">2001540</field>
                    <field name="createdByRoleId">1000010</field>
                    <field name="createdByUserId">1000010</field>
                    <field name="modifiedByRoleId">1000010</field>
                    <field name="modifiedByUserId">1000010</field>
                    <field name="name"><![CDATA[TOMCAT_PORT]]></field>
                    <field name="description"><![CDATA[]]></field>
                    <field name="builtIn">false</field>
                    <field name="valueReadOnly">false</field>
                    <field name="valueRequired">false</field>
                    <field name="usedInReports">false</field>
                    <field name="deprecated">false</field>
                    <field name="dateCreated">2014/06/04 12:10:57-0500</field>
                    <field name="dateModified">2014/06/04 12:10:57-0500</field>
                    <field name="loadTypeId">1</field>
                    <field name="deleted">false</field>
                </field_list>
            </object>
            <link_list>
                <link object="O1541" reference="R1855"/>
                <link object="O1734" reference="R1877"/>
            </link_list>
        </object_info>
        <object_info id="O1543">
            <object class="SBlValue">
                <field_list>
                    <field name="blValueId">2059580</field>
                    <field name="dataTypeId">1</field>
                    <field name="objectTypeId">6000</field>
                    <field name="valueNull">false</field>
                    <field name="deleted">false</field>
                </field_list>
            </object>
            <link_list>
                <link object="O1541" reference="R1854"/>
                <link object="O1545" reference="R1862"/>
            </link_list>
        </object_info>
        <object_info id="O1541">
            <object class="SPropertySetClassDefaultValueMap">
                <field_list>
                    <field name="dataTypeId">2001540</field>
                    <field name="propertyId">10005092</field>
                    <field name="blValueId">2059580</field>
                    <field name="deleted">false</field>
                </field_list>
            </object>
        </object_info>
        <object_info id="O1545">
            <object class="SPrimitiveBlValue">
                <field_list>
                    <field name="blValueId">2059580</field>
                    <field name="dataTypeId">1</field>
                    <field name="metaChecksumHi">-7732056154962196664</field>
                    <field name="metaChecksumLo">-3885895363537331400</field>
                    <field name="value"><![CDATA[8080]]></field>
                    <field name="deleted">false</field>
                </field_list>
            </object>
        </object_info>
        <object_info id="O1563">
            <object class="SProperty">
                <field_list>
                    <field name="propertyId">10005094</field>
                    <field name="dataTypeId">15</field>
                    <field name="classDataTypeId">2001540</field>
                    <field name="createdByRoleId">1000010</field>
                    <field name="createdByUserId">1000010</field>
                    <field name="modifiedByRoleId">1000010</field>
                    <field name="modifiedByUserId">1000010</field>
                    <field name="name"><![CDATA[TOMCAT_PASSWORD]]></field>
                    <field name="description"><![CDATA[]]></field>
                    <field name="builtIn">false</field>
                    <field name="valueReadOnly">false</field>
                    <field name="valueRequired">false</field>
                    <field name="usedInReports">false</field>
                    <field name="deprecated">false</field>
                    <field name="dateCreated">2014/06/04 12:10:57-0500</field>
                    <field name="dateModified">2014/06/04 12:10:57-0500</field>
                    <field name="loadTypeId">1</field>
                    <field name="deleted">false</field>
                </field_list>
            </object>
            <link_list>
                <link object="O1748" reference="R1877"/>
                <link object="O1552" reference="R1855"/>
            </link_list>
        </object_info>
        <object_info id="O1556">
            <object class="SBlValue">
                <field_list>
                    <field name="blValueId">2065367</field>
                    <field name="dataTypeId">15</field>
                    <field name="objectTypeId">6010</field>
                    <field name="valueNull">false</field>
                    <field name="deleted">false</field>
                </field_list>
            </object>
            <link_list>
                <link object="O1560" reference="R1862"/>
                <link object="O1552" reference="R1854"/>
            </link_list>
        </object_info>
        <object_info id="O1552">
            <object class="SPropertySetClassDefaultValueMap">
                <field_list>
                    <field name="dataTypeId">2001540</field>
                    <field name="propertyId">10005094</field>
                    <field name="blValueId">2065367</field>
                    <field name="deleted">false</field>
                </field_list>
            </object>
        </object_info>
        <object_info id="O1560">
            <object class="SPrimitiveBlValue">
                <field_list>
                    <field name="blValueId">2065367</field>
                    <field name="dataTypeId">15</field>
                    <field name="metaChecksumHi">-1109035656715571771</field>
                    <field name="metaChecksumLo">-2977997219788957037</field>
                    <field name="value"><![CDATA[UWOUTVQLMBMZAWUZTKTTVQXOUTXLAPBATTBPNMUUPULNOXBBMMXTOWLPKVAPOMPW]]></field>
                    <field name="deleted">false</field>
                </field_list>
            </object>
        </object_info>
        <object_info id="O1463">
            <object class="SDepotObject">
                <field_list>
                    <field name="depotObjectId">222</field>
                    <field name="depotObjectVersionId">1</field>
                    <field name="blValueId">2065368</field>
                    <field name="guid">3651fcbc-dda6-488a-b433-33d9c5f9cec3</field>
                    <field name="groupId">2000203</field>
                    <field name="objectTypeId">28</field>
                    <field name="createdByRoleId">1000010</field>
                    <field name="createdByUserId">1000010</field>
                    <field name="modifiedByRoleId">1000010</field>
                    <field name="modifiedByUserId">1000010</field>
                    <field name="blAclId">2000015</field>
                    <field name="dataTypeId">2001540</field>
                    <field name="name"><![CDATA[UndeployApplication-Unix]]></field>
                    <field name="description"><![CDATA[]]></field>
                    <field name="lockedByUserId">0</field>
                    <field name="savedExplicitly">true</field>
                    <field name="errors">false</field>
                    <field name="warnings">false</field>
                    <field name="latestVersion">true</field>
                    <field name="dateCreated">2014/06/04 12:10:57-0500</field>
                    <field name="dateModified">2014/06/05 02:56:31-0500</field>
                    <field name="deleted">false</field>
                </field_list>
            </object>
            <link_list>
                <link object="O1667" reference="R2139"/>
                <link object="O1707" reference="R2139"/>
                <link object="O1630" reference="R2139"/>
                <link object="O1742" reference="R2139"/>
                <link object="O1753" reference="R2183"/>
                <link object="O1753" reference="R2138"/>
            </link_list>
        </object_info>
        <object_info id="O1633">
            <object class="SBlValue">
                <field_list>
                    <field name="blValueId">2065495</field>
                    <field name="dataTypeId">2</field>
                    <field name="objectTypeId">6005</field>
                    <field name="valueNull">false</field>
                    <field name="deleted">false</field>
                </field_list>
            </object>
            <link_list>
                <link object="O1646" reference="R1861"/>
                <link object="O1646" reference="R1863"/>
                <link object="O1630" reference="R2188"/>
            </link_list>
        </object_info>
        <object_info id="O1630">
            <object class="SBlPackagePropertyReference">
                <field_list>
                    <field name="depotObjectId">222</field>
                    <field name="depotObjectVersionId">1</field>
                    <field name="sequenceId">0</field>
                    <field name="blValueId">2065495</field>
                    <field name="deleted">false</field>
                </field_list>
            </object>
        </object_info>
        <object_info id="O1646">
            <object class="SPropertyReference">
                <field_list>
                    <field name="blValueId">2065495</field>
                    <field name="referencePath"><![CDATA[]]></field>
                    <field name="deleted">false</field>
                </field_list>
            </object>
            <link_list>
                <link object="O1654" reference="R1875"/>
            </link_list>
        </object_info>
        <object_info id="O1654">
            <object class="SPropertyReferenceProperty">
                <field_list>
                    <field name="blValueId">2065495</field>
                    <field name="sequenceId">0</field>
                    <field name="propertyId">10005090</field>
                    <field name="deleted">false</field>
                </field_list>
            </object>
        </object_info>
        <object_info id="O1673">
            <object class="SBlValue">
                <field_list>
                    <field name="blValueId">2065496</field>
                    <field name="dataTypeId">2</field>
                    <field name="objectTypeId">6005</field>
                    <field name="valueNull">false</field>
                    <field name="deleted">false</field>
                </field_list>
            </object>
            <link_list>
                <link object="O1667" reference="R2188"/>
                <link object="O1694" reference="R1861"/>
                <link object="O1694" reference="R1863"/>
            </link_list>
        </object_info>
        <object_info id="O1667">
            <object class="SBlPackagePropertyReference">
                <field_list>
                    <field name="depotObjectId">222</field>
                    <field name="depotObjectVersionId">1</field>
                    <field name="sequenceId">1</field>
                    <field name="blValueId">2065496</field>
                    <field name="deleted">false</field>
                </field_list>
            </object>
        </object_info>
        <object_info id="O1694">
            <object class="SPropertyReference">
                <field_list>
                    <field name="blValueId">2065496</field>
                    <field name="referencePath"><![CDATA[]]></field>
                    <field name="deleted">false</field>
                </field_list>
            </object>
            <link_list>
                <link object="O1697" reference="R1875"/>
            </link_list>
        </object_info>
        <object_info id="O1697">
            <object class="SPropertyReferenceProperty">
                <field_list>
                    <field name="blValueId">2065496</field>
                    <field name="sequenceId">0</field>
                    <field name="propertyId">10005091</field>
                    <field name="deleted">false</field>
                </field_list>
            </object>
        </object_info>
        <object_info id="O1714">
            <object class="SBlValue">
                <field_list>
                    <field name="blValueId">2065497</field>
                    <field name="dataTypeId">1</field>
                    <field name="objectTypeId">6005</field>
                    <field name="valueNull">false</field>
                    <field name="deleted">false</field>
                </field_list>
            </object>
            <link_list>
                <link object="O1733" reference="R1861"/>
                <link object="O1733" reference="R1863"/>
                <link object="O1707" reference="R2188"/>
            </link_list>
        </object_info>
        <object_info id="O1707">
            <object class="SBlPackagePropertyReference">
                <field_list>
                    <field name="depotObjectId">222</field>
                    <field name="depotObjectVersionId">1</field>
                    <field name="sequenceId">2</field>
                    <field name="blValueId">2065497</field>
                    <field name="deleted">false</field>
                </field_list>
            </object>
        </object_info>
        <object_info id="O1733">
            <object class="SPropertyReference">
                <field_list>
                    <field name="blValueId">2065497</field>
                    <field name="referencePath"><![CDATA[]]></field>
                    <field name="deleted">false</field>
                </field_list>
            </object>
            <link_list>
                <link object="O1734" reference="R1875"/>
            </link_list>
        </object_info>
        <object_info id="O1734">
            <object class="SPropertyReferenceProperty">
                <field_list>
                    <field name="blValueId">2065497</field>
                    <field name="sequenceId">0</field>
                    <field name="propertyId">10005092</field>
                    <field name="deleted">false</field>
                </field_list>
            </object>
        </object_info>
        <object_info id="O1743">
            <object class="SBlValue">
                <field_list>
                    <field name="blValueId">2065498</field>
                    <field name="dataTypeId">15</field>
                    <field name="objectTypeId">6005</field>
                    <field name="valueNull">false</field>
                    <field name="deleted">false</field>
                </field_list>
            </object>
            <link_list>
                <link object="O1747" reference="R1861"/>
                <link object="O1747" reference="R1863"/>
                <link object="O1742" reference="R2188"/>
            </link_list>
        </object_info>
        <object_info id="O1742">
            <object class="SBlPackagePropertyReference">
                <field_list>
                    <field name="depotObjectId">222</field>
                    <field name="depotObjectVersionId">1</field>
                    <field name="sequenceId">3</field>
                    <field name="blValueId">2065498</field>
                    <field name="deleted">false</field>
                </field_list>
            </object>
        </object_info>
        <object_info id="O1747">
            <object class="SPropertyReference">
                <field_list>
                    <field name="blValueId">2065498</field>
                    <field name="referencePath"><![CDATA[]]></field>
                    <field name="deleted">false</field>
                </field_list>
            </object>
            <link_list>
                <link object="O1748" reference="R1875"/>
            </link_list>
        </object_info>
        <object_info id="O1748">
            <object class="SPropertyReferenceProperty">
                <field_list>
                    <field name="blValueId">2065498</field>
                    <field name="sequenceId">0</field>
                    <field name="propertyId">10005094</field>
                    <field name="deleted">false</field>
                </field_list>
            </object>
        </object_info>
        <object_info id="O1753">
            <object class="SDepotObjectLocation">
                <field_list>
                    <field name="depotObjectLocationId">185</field>
                    <field name="depotObjectId">222</field>
                    <field name="depotObjectVersionId">1</field>
                    <field name="depotObjectLocationTypeId">0</field>
                    <field name="fileLocationId">429</field>
                    <field name="blfileId">null</field>
                    <field name="remotePath"><![CDATA[]]></field>
                    <field name="remotePathParameterized">false</field>
                    <field name="deleted">false</field>
                </field_list>
            </object>
        </object_info>
        <object_info id="O1754">
            <object class="SFileLocation">
                <field_list>
                    <field name="fileLocationId">429</field>
                    <field name="fileServerId">1</field>
                    <field name="relativePath"><![CDATA[blpackages/1833eb2d-17dc-45e9-814a-1e32af1af035]]></field>
                    <field name="deleted">false</field>
                </field_list>
            </object>
        </object_info>
    </object_list>
</model_object_graph>
